t(s)	ch1x	ch1y
9.690391e+00	-7.705132e-01	6.374240e-01
9.690668e+00	9.999939e-01	3.490651e-03
9.690928e+00	9.999756e-01	6.981260e-03
9.691188e+00	9.999452e-01	1.047178e-02
9.691448e+00	9.999025e-01	1.396218e-02
9.691711e+00	9.998477e-01	1.745241e-02
9.691963e+00	9.997807e-01	2.094242e-02
9.692207e+00	9.997015e-01	2.443218e-02
9.692428e+00	9.996101e-01	2.792164e-02
9.706275e+00	9.995066e-01	3.141076e-02
9.706494e+00	9.993908e-01	3.489950e-02
9.706712e+00	9.992629e-01	3.838781e-02
9.706929e+00	9.991228e-01	4.187565e-02
9.707143e+00	9.989706e-01	4.536299e-02
9.707351e+00	9.988061e-01	4.884977e-02
9.707554e+00	9.986295e-01	5.233596e-02
9.707983e+00	9.984408e-01	5.582150e-02
9.721865e+00	9.982398e-01	5.930637e-02
9.722117e+00	9.980267e-01	6.279052e-02
9.722367e+00	9.978015e-01	6.627390e-02
9.722625e+00	9.975641e-01	6.975647e-02
9.722862e+00	9.973145e-01	7.323820e-02
9.723085e+00	9.970528e-01	7.671903e-02
9.723286e+00	9.967789e-01	8.019892e-02
9.723971e+00	9.964929e-01	8.367784e-02
9.737805e+00	9.961947e-01	8.715574e-02
9.737977e+00	9.958844e-01	9.063258e-02
9.738145e+00	9.955620e-01	9.410831e-02
9.738312e+00	9.952274e-01	9.758290e-02
9.738485e+00	9.948807e-01	1.010563e-01
9.738660e+00	9.945219e-01	1.045285e-01
9.738831e+00	9.941510e-01	1.079994e-01
9.739940e+00	9.937679e-01	1.114689e-01
9.753044e+00	9.933728e-01	1.149372e-01
9.753194e+00	9.929655e-01	1.184040e-01
9.753347e+00	9.925462e-01	1.218693e-01
9.753503e+00	9.921147e-01	1.253332e-01
9.753658e+00	9.916712e-01	1.287956e-01
9.753815e+00	9.912155e-01	1.322564e-01
9.753971e+00	9.907478e-01	1.357156e-01
9.768331e+00	9.902681e-01	1.391731e-01
9.768504e+00	9.897762e-01	1.426289e-01
9.768676e+00	9.892723e-01	1.460830e-01
9.768848e+00	9.887564e-01	1.495353e-01
9.769019e+00	9.882284e-01	1.529858e-01
9.769191e+00	9.876883e-01	1.564345e-01
9.769363e+00	9.871363e-01	1.598812e-01
9.769977e+00	9.865722e-01	1.633260e-01
9.784179e+00	9.859960e-01	1.667687e-01
9.784329e+00	9.854079e-01	1.702095e-01
9.784482e+00	9.848078e-01	1.736482e-01
9.784635e+00	9.841956e-01	1.770847e-01
9.784787e+00	9.835715e-01	1.805191e-01
9.784951e+00	9.829353e-01	1.839514e-01
9.785116e+00	9.822873e-01	1.873813e-01
9.785945e+00	9.816272e-01	1.908090e-01
9.799375e+00	9.809552e-01	1.942344e-01
9.799536e+00	9.802712e-01	1.976573e-01
9.799689e+00	9.795752e-01	2.010779e-01
9.799843e+00	9.788674e-01	2.044961e-01
9.799997e+00	9.781476e-01	2.079117e-01
9.800151e+00	9.774159e-01	2.113248e-01
9.800305e+00	9.766723e-01	2.147353e-01
9.815810e+00	9.759168e-01	2.181432e-01
9.816173e+00	9.751494e-01	2.215485e-01
9.816376e+00	9.743701e-01	2.249511e-01
9.816583e+00	9.735789e-01	2.283509e-01
9.816790e+00	9.727759e-01	2.317479e-01
9.816996e+00	9.719610e-01	2.351421e-01
9.817179e+00	9.711343e-01	2.385335e-01
9.817359e+00	9.702957e-01	2.419219e-01
9.817963e+00	9.694453e-01	2.453074e-01
9.830807e+00	9.685832e-01	2.486899e-01
9.830968e+00	9.677092e-01	2.520694e-01
9.831122e+00	9.668234e-01	2.554458e-01
9.831269e+00	9.659258e-01	2.588190e-01
9.831418e+00	9.650165e-01	2.621892e-01
9.831568e+00	9.640954e-01	2.655561e-01
9.831947e+00	9.631626e-01	2.689198e-01
9.846612e+00	9.622180e-01	2.722802e-01
9.846816e+00	9.612617e-01	2.756374e-01
9.847016e+00	9.602937e-01	2.789911e-01
9.847191e+00	9.593140e-01	2.823415e-01
9.847368e+00	9.583226e-01	2.856884e-01
9.847534e+00	9.573195e-01	2.890318e-01
9.847701e+00	9.563048e-01	2.923717e-01
9.847966e+00	9.552784e-01	2.957081e-01
9.862612e+00	9.542403e-01	2.990408e-01
9.862843e+00	9.531907e-01	3.023699e-01
9.863077e+00	9.521294e-01	3.056953e-01
9.863303e+00	9.510565e-01	3.090170e-01
9.863577e+00	9.499721e-01	3.123349e-01
9.863786e+00	9.488760e-01	3.156490e-01
9.863996e+00	9.477684e-01	3.189593e-01
9.864198e+00	9.466493e-01	3.222657e-01
9.878355e+00	9.455186e-01	3.255682e-01
9.878661e+00	9.443764e-01	3.288666e-01
9.878964e+00	9.432227e-01	3.321611e-01
9.879250e+00	9.420575e-01	3.354516e-01
9.879524e+00	9.408808e-01	3.387379e-01
9.879795e+00	9.396926e-01	3.420201e-01
9.880171e+00	9.384930e-01	3.452982e-01
9.880483e+00	9.372820e-01	3.485720e-01
9.894105e+00	9.360595e-01	3.518416e-01
9.894530e+00	9.348257e-01	3.551070e-01
9.895014e+00	9.335804e-01	3.583679e-01
9.895460e+00	9.323238e-01	3.616246e-01
9.895784e+00	9.310558e-01	3.648768e-01
9.896091e+00	9.297765e-01	3.681246e-01
9.896355e+00	9.284858e-01	3.713678e-01
9.896625e+00	9.271839e-01	3.746066e-01
9.910216e+00	9.258706e-01	3.778408e-01
9.910569e+00	9.245460e-01	3.810704e-01
9.910930e+00	9.232102e-01	3.842953e-01
9.911357e+00	9.218632e-01	3.875156e-01
9.911707e+00	9.205049e-01	3.907311e-01
9.912043e+00	9.191353e-01	3.939419e-01
9.912384e+00	9.177546e-01	3.971479e-01
9.912684e+00	9.163627e-01	4.003490e-01
9.925533e+00	9.149597e-01	4.035453e-01
9.925902e+00	9.135455e-01	4.067366e-01
9.926312e+00	9.121201e-01	4.099230e-01
9.926653e+00	9.106837e-01	4.131044e-01
9.926996e+00	9.092361e-01	4.162808e-01
9.927303e+00	9.077775e-01	4.194521e-01
9.927610e+00	9.063078e-01	4.226183e-01
9.928080e+00	9.048271e-01	4.257793e-01
9.941019e+00	9.033353e-01	4.289351e-01
9.941450e+00	9.018325e-01	4.320857e-01
9.941893e+00	9.003188e-01	4.352311e-01
9.942318e+00	8.987940e-01	4.383711e-01
9.942709e+00	8.972584e-01	4.415059e-01
9.943079e+00	8.957118e-01	4.446352e-01
9.943423e+00	8.941542e-01	4.477591e-01
9.944110e+00	8.925858e-01	4.508775e-01
9.956042e+00	8.910065e-01	4.539905e-01
9.956372e+00	8.894164e-01	4.570979e-01
9.956698e+00	8.878154e-01	4.601998e-01
9.957033e+00	8.862036e-01	4.632960e-01
9.957341e+00	8.845810e-01	4.663866e-01
9.957644e+00	8.829476e-01	4.694716e-01
9.958060e+00	8.813035e-01	4.725508e-01
9.971195e+00	8.796486e-01	4.756242e-01
9.971462e+00	8.779830e-01	4.786919e-01
9.971732e+00	8.763067e-01	4.817537e-01
9.972007e+00	8.746197e-01	4.848096e-01
9.972283e+00	8.729221e-01	4.878597e-01
9.972523e+00	8.712138e-01	4.909038e-01
9.972762e+00	8.694949e-01	4.939419e-01
9.986953e+00	8.677655e-01	4.969740e-01
9.987154e+00	8.660254e-01	5.000000e-01
9.987354e+00	8.642748e-01	5.030199e-01
9.987564e+00	8.625137e-01	5.060338e-01
9.987775e+00	8.607420e-01	5.090414e-01
9.987987e+00	8.589599e-01	5.120429e-01
9.988199e+00	8.571673e-01	5.150381e-01
9.988412e+00	8.553643e-01	5.180270e-01
1.000230e+01	8.535508e-01	5.210096e-01
1.000254e+01	8.517269e-01	5.239859e-01
1.000278e+01	8.498927e-01	5.269558e-01
1.000302e+01	8.480481e-01	5.299193e-01
1.000327e+01	8.461932e-01	5.328763e-01
1.000354e+01	8.443279e-01	5.358268e-01
1.000380e+01	8.424524e-01	5.387708e-01
1.000404e+01	8.405666e-01	5.417082e-01
1.001743e+01	8.386706e-01	5.446390e-01
1.001768e+01	8.367643e-01	5.475632e-01
1.001792e+01	8.348479e-01	5.504807e-01
1.001824e+01	8.329212e-01	5.533915e-01
1.001852e+01	8.309845e-01	5.562956e-01
1.001878e+01	8.290376e-01	5.591929e-01
1.001904e+01	8.270806e-01	5.620834e-01
1.002008e+01	8.251135e-01	5.649670e-01
1.003252e+01	8.231364e-01	5.678437e-01
1.003273e+01	8.211492e-01	5.707136e-01
1.003294e+01	8.191520e-01	5.735764e-01
1.003315e+01	8.171449e-01	5.764323e-01
1.003343e+01	8.151278e-01	5.792812e-01
1.003366e+01	8.131008e-01	5.821230e-01
1.003404e+01	8.110638e-01	5.849577e-01
1.004816e+01	8.090170e-01	5.877853e-01
1.004842e+01	8.069603e-01	5.906057e-01
1.004866e+01	8.048938e-01	5.934189e-01
1.004897e+01	8.028175e-01	5.962249e-01
1.004922e+01	8.007314e-01	5.990236e-01
1.004946e+01	7.986355e-01	6.018150e-01
1.004970e+01	7.965299e-01	6.045991e-01
1.005003e+01	7.944146e-01	6.073758e-01
1.006390e+01	7.922896e-01	6.101452e-01
1.006419e+01	7.901550e-01	6.129071e-01
1.006442e+01	7.880108e-01	6.156615e-01
1.006471e+01	7.858569e-01	6.184084e-01
1.006496e+01	7.836935e-01	6.211478e-01
1.006517e+01	7.815205e-01	6.238796e-01
1.006537e+01	7.793380e-01	6.266038e-01
1.006599e+01	7.771460e-01	6.293204e-01
1.008005e+01	7.749445e-01	6.320293e-01
1.008030e+01	7.727336e-01	6.347305e-01
1.008052e+01	7.705132e-01	6.374240e-01
1.008078e+01	7.682835e-01	6.401097e-01
1.008099e+01	7.660444e-01	6.427876e-01
1.008120e+01	7.637960e-01	6.454577e-01
1.008141e+01	7.615383e-01	6.481199e-01
1.008199e+01	7.592713e-01	6.507742e-01
1.009609e+01	7.569951e-01	6.534206e-01
1.009641e+01	7.547096e-01	6.560590e-01
1.009662e+01	7.524149e-01	6.586895e-01
1.009683e+01	7.501111e-01	6.613119e-01
1.009704e+01	7.477981e-01	6.639262e-01
1.009724e+01	7.454760e-01	6.665325e-01
1.009744e+01	7.431448e-01	6.691306e-01
1.009805e+01	7.408046e-01	6.717206e-01
1.011214e+01	7.384553e-01	6.743024e-01
1.011259e+01	7.360971e-01	6.768760e-01
1.011302e+01	7.337299e-01	6.794413e-01
1.011343e+01	7.313537e-01	6.819984e-01
1.011380e+01	7.289686e-01	6.845471e-01
1.011410e+01	7.265747e-01	6.870875e-01
1.011438e+01	7.241719e-01	6.896195e-01
1.011465e+01	7.217602e-01	6.921432e-01
1.012805e+01	7.193398e-01	6.946584e-01
1.012846e+01	7.169106e-01	6.971651e-01
1.012880e+01	7.144727e-01	6.996633e-01
1.012916e+01	7.120260e-01	7.021531e-01
1.012945e+01	7.095707e-01	7.046342e-01
1.012971e+01	7.071068e-01	7.071068e-01
1.012997e+01	7.046342e-01	7.095707e-01
1.013022e+01	7.021531e-01	7.120260e-01
1.014276e+01	6.996633e-01	7.144727e-01
1.014320e+01	6.971651e-01	7.169106e-01
1.014361e+01	6.946584e-01	7.193398e-01
1.014410e+01	6.921432e-01	7.217602e-01
1.014452e+01	6.896195e-01	7.241719e-01
1.014493e+01	6.870875e-01	7.265747e-01
1.014527e+01	6.845471e-01	7.289686e-01
1.014610e+01	6.819984e-01	7.313537e-01
1.015826e+01	6.794413e-01	7.337299e-01
1.015862e+01	6.768760e-01	7.360971e-01
1.015898e+01	6.743024e-01	7.384553e-01
1.015935e+01	6.717206e-01	7.408046e-01
1.015989e+01	6.691306e-01	7.431448e-01
1.016028e+01	6.665325e-01	7.454760e-01
1.016062e+01	6.639262e-01	7.477981e-01
1.017322e+01	6.613119e-01	7.501111e-01
1.017350e+01	6.586895e-01	7.524149e-01
1.017379e+01	6.560590e-01	7.547096e-01
1.017409e+01	6.534206e-01	7.569951e-01
1.017438e+01	6.507742e-01	7.592713e-01
1.017464e+01	6.481199e-01	7.615383e-01
1.017490e+01	6.454577e-01	7.637960e-01
1.017599e+01	6.427876e-01	7.660444e-01
1.018918e+01	6.401097e-01	7.682835e-01
1.018941e+01	6.374240e-01	7.705132e-01
1.018973e+01	6.347305e-01	7.727336e-01
1.018998e+01	6.320293e-01	7.749445e-01
1.019021e+01	6.293204e-01	7.771460e-01
1.019045e+01	6.266038e-01	7.793380e-01
1.019069e+01	6.238796e-01	7.815205e-01
1.020389e+01	6.211478e-01	7.836935e-01
1.020416e+01	6.184084e-01	7.858569e-01
1.020442e+01	6.156615e-01	7.880108e-01
1.020471e+01	6.129071e-01	7.901550e-01
1.020499e+01	6.101452e-01	7.922896e-01
1.020526e+01	6.073758e-01	7.944146e-01
1.020555e+01	6.045991e-01	7.965299e-01
1.020608e+01	6.018150e-01	7.986355e-01
1.022026e+01	5.990236e-01	8.007314e-01
1.022054e+01	5.962249e-01	8.028175e-01
1.022084e+01	5.934189e-01	8.048938e-01
1.022113e+01	5.906057e-01	8.069603e-01
1.022143e+01	5.877853e-01	8.090170e-01
1.022173e+01	5.849577e-01	8.110638e-01
1.022203e+01	5.821230e-01	8.131008e-01
1.022228e+01	5.792812e-01	8.151278e-01
1.023617e+01	5.764323e-01	8.171449e-01
1.023647e+01	5.735764e-01	8.191520e-01
1.023682e+01	5.707136e-01	8.211492e-01
1.023713e+01	5.678437e-01	8.231364e-01
1.023744e+01	5.649670e-01	8.251135e-01
1.023775e+01	5.620834e-01	8.270806e-01
1.023807e+01	5.591929e-01	8.290376e-01
1.023836e+01	5.562956e-01	8.309845e-01
1.025230e+01	5.533915e-01	8.329212e-01
1.025255e+01	5.504807e-01	8.348479e-01
1.025280e+01	5.475632e-01	8.367643e-01
1.025311e+01	5.446390e-01	8.386706e-01
1.025339e+01	5.417082e-01	8.405666e-01
1.025366e+01	5.387708e-01	8.424524e-01
1.025393e+01	5.358268e-01	8.443279e-01
1.025420e+01	5.328763e-01	8.461932e-01
1.026764e+01	5.299193e-01	8.480481e-01
1.026790e+01	5.269558e-01	8.498927e-01
1.026817e+01	5.239859e-01	8.517269e-01
1.026843e+01	5.210096e-01	8.535508e-01
1.026870e+01	5.180270e-01	8.553643e-01
1.026898e+01	5.150381e-01	8.571673e-01
1.026923e+01	5.120429e-01	8.589599e-01
1.027000e+01	5.090414e-01	8.607420e-01
1.028314e+01	5.060338e-01	8.625137e-01
1.028335e+01	5.030199e-01	8.642748e-01
1.028356e+01	5.000000e-01	8.660254e-01
1.028377e+01	4.969740e-01	8.677655e-01
1.028404e+01	4.939419e-01	8.694949e-01
1.028427e+01	4.909038e-01	8.712138e-01
1.028450e+01	4.878597e-01	8.729221e-01
1.029831e+01	4.848096e-01	8.746197e-01
1.029856e+01	4.817537e-01	8.763067e-01
1.029880e+01	4.786919e-01	8.779830e-01
1.029903e+01	4.756242e-01	8.796486e-01
1.029927e+01	4.725508e-01	8.813035e-01
1.029950e+01	4.694716e-01	8.829476e-01
1.029973e+01	4.663866e-01	8.845810e-01
1.030002e+01	4.632960e-01	8.862036e-01
1.031408e+01	4.601998e-01	8.878154e-01
1.031432e+01	4.570979e-01	8.894164e-01
1.031455e+01	4.539905e-01	8.910065e-01
1.031475e+01	4.508775e-01	8.925858e-01
1.031497e+01	4.477591e-01	8.941542e-01
1.031518e+01	4.446352e-01	8.957118e-01
1.031540e+01	4.415059e-01	8.972584e-01
1.031599e+01	4.383711e-01	8.987940e-01
1.033024e+01	4.352311e-01	9.003188e-01
1.033052e+01	4.320857e-01	9.018325e-01
1.033074e+01	4.289351e-01	9.033353e-01
1.033096e+01	4.257793e-01	9.048271e-01
1.033117e+01	4.226183e-01	9.063078e-01
1.033134e+01	4.194521e-01	9.077775e-01
1.033152e+01	4.162808e-01	9.092361e-01
1.033197e+01	4.131044e-01	9.106837e-01
1.034544e+01	4.099230e-01	9.121201e-01
1.034576e+01	4.067366e-01	9.135455e-01
1.034608e+01	4.035453e-01	9.149597e-01
1.034638e+01	4.003490e-01	9.163627e-01
1.034667e+01	3.971479e-01	9.177546e-01
1.034696e+01	3.939419e-01	9.191353e-01
1.034720e+01	3.907311e-01	9.205049e-01
1.034805e+01	3.875156e-01	9.218632e-01
1.036139e+01	3.842953e-01	9.232102e-01
1.036181e+01	3.810704e-01	9.245460e-01
1.036223e+01	3.778408e-01	9.258706e-01
1.036263e+01	3.746066e-01	9.271839e-01
1.036309e+01	3.713678e-01	9.284858e-01
1.036342e+01	3.681246e-01	9.297765e-01
1.036374e+01	3.648768e-01	9.310558e-01
1.036408e+01	3.616246e-01	9.323238e-01
1.037670e+01	3.583679e-01	9.335804e-01
1.037720e+01	3.551070e-01	9.348257e-01
1.037765e+01	3.518416e-01	9.360595e-01
1.037815e+01	3.485720e-01	9.372820e-01
1.037853e+01	3.452982e-01	9.384930e-01
1.037889e+01	3.420201e-01	9.396926e-01
1.037926e+01	3.387379e-01	9.408808e-01
1.038007e+01	3.354516e-01	9.420575e-01
1.039155e+01	3.321611e-01	9.432227e-01
1.039201e+01	3.288666e-01	9.443764e-01
1.039242e+01	3.255682e-01	9.455186e-01
1.039278e+01	3.222657e-01	9.466493e-01
1.039316e+01	3.189593e-01	9.477684e-01
1.039348e+01	3.156490e-01	9.488760e-01
1.039413e+01	3.123349e-01	9.499721e-01
1.040712e+01	3.090170e-01	9.510565e-01
1.040744e+01	3.056953e-01	9.521294e-01
1.040777e+01	3.023699e-01	9.531907e-01
1.040810e+01	2.990408e-01	9.542403e-01
1.040851e+01	2.957081e-01	9.552784e-01
1.040887e+01	2.923717e-01	9.563048e-01
1.040921e+01	2.890318e-01	9.573195e-01
1.041014e+01	2.856884e-01	9.583226e-01
1.042318e+01	2.823415e-01	9.593140e-01
1.042344e+01	2.789911e-01	9.602937e-01
1.042375e+01	2.756374e-01	9.612617e-01
1.042403e+01	2.722802e-01	9.622180e-01
1.042429e+01	2.689198e-01	9.631626e-01
1.042455e+01	2.655561e-01	9.640954e-01
1.042480e+01	2.621892e-01	9.650165e-01
1.042602e+01	2.588190e-01	9.659258e-01
1.043866e+01	2.554458e-01	9.668234e-01
1.043886e+01	2.520694e-01	9.677092e-01
1.043908e+01	2.486899e-01	9.685832e-01
1.043931e+01	2.453074e-01	9.694453e-01
1.043953e+01	2.419219e-01	9.702957e-01
1.043975e+01	2.385335e-01	9.711343e-01
1.044005e+01	2.351421e-01	9.719610e-01
1.045457e+01	2.317479e-01	9.727759e-01
1.045480e+01	2.283509e-01	9.735789e-01
1.045505e+01	2.249511e-01	9.743701e-01
1.045530e+01	2.215485e-01	9.751494e-01
1.045556e+01	2.181432e-01	9.759168e-01
1.045581e+01	2.147353e-01	9.766723e-01
1.045604e+01	2.113248e-01	9.774159e-01
1.045626e+01	2.079117e-01	9.781476e-01
1.047044e+01	2.044961e-01	9.788674e-01
1.047074e+01	2.010779e-01	9.795752e-01
1.047109e+01	1.976573e-01	9.802712e-01
1.047137e+01	1.942344e-01	9.809552e-01
1.047166e+01	1.908090e-01	9.816272e-01
1.047194e+01	1.873813e-01	9.822873e-01
1.047222e+01	1.839514e-01	9.829353e-01
1.047249e+01	1.805191e-01	9.835715e-01
1.048588e+01	1.770847e-01	9.841956e-01
1.048610e+01	1.736482e-01	9.848078e-01
1.048631e+01	1.702095e-01	9.854079e-01
1.048653e+01	1.667687e-01	9.859960e-01
1.048675e+01	1.633260e-01	9.865722e-01
1.048697e+01	1.598812e-01	9.871363e-01
1.048719e+01	1.564345e-01	9.876883e-01
1.048800e+01	1.529858e-01	9.882284e-01
1.050102e+01	1.495353e-01	9.887564e-01
1.050122e+01	1.460830e-01	9.892723e-01
1.050142e+01	1.426289e-01	9.897762e-01
1.050163e+01	1.391731e-01	9.902681e-01
1.050183e+01	1.357156e-01	9.907478e-01
1.050204e+01	1.322564e-01	9.912155e-01
1.050224e+01	1.287956e-01	9.916712e-01
1.051665e+01	1.253332e-01	9.921147e-01
1.051684e+01	1.218693e-01	9.925462e-01
1.051702e+01	1.184040e-01	9.929655e-01
1.051721e+01	1.149372e-01	9.933728e-01
1.051741e+01	1.114689e-01	9.937679e-01
1.051761e+01	1.079994e-01	9.941510e-01
1.051780e+01	1.045285e-01	9.945219e-01
1.051796e+01	1.010563e-01	9.948807e-01
1.053189e+01	9.758290e-02	9.952274e-01
1.053206e+01	9.410831e-02	9.955620e-01
1.053222e+01	9.063258e-02	9.958844e-01
1.053238e+01	8.715574e-02	9.961947e-01
1.053254e+01	8.367784e-02	9.964929e-01
1.053270e+01	8.019892e-02	9.967789e-01
1.053287e+01	7.671903e-02	9.970528e-01
1.053398e+01	7.323820e-02	9.973145e-01
1.054843e+01	6.975647e-02	9.975641e-01
1.054860e+01	6.627390e-02	9.978015e-01
1.054876e+01	6.279052e-02	9.980267e-01
1.054893e+01	5.930637e-02	9.982398e-01
1.054910e+01	5.582150e-02	9.984408e-01
1.054928e+01	5.233596e-02	9.986295e-01
1.054946e+01	4.884977e-02	9.988061e-01
1.055003e+01	4.536299e-02	9.989706e-01
1.056380e+01	4.187565e-02	9.991228e-01
1.056407e+01	3.838781e-02	9.992629e-01
1.056432e+01	3.489950e-02	9.993908e-01
1.056455e+01	3.141076e-02	9.995066e-01
1.056477e+01	2.792164e-02	9.996101e-01
1.056500e+01	2.443218e-02	9.997015e-01
1.056521e+01	2.094242e-02	9.997807e-01
1.056599e+01	1.745241e-02	9.998477e-01
1.057902e+01	1.396218e-02	9.999025e-01
1.057934e+01	1.047178e-02	9.999452e-01
1.057964e+01	6.981260e-03	9.999756e-01
1.057994e+01	3.490651e-03	9.999939e-01
1.058023e+01	5.252522e-13	1.000000e+00
1.058051e+01	-3.490651e-03	9.999939e-01
1.058077e+01	-6.981260e-03	9.999756e-01
1.059535e+01	-1.047178e-02	9.999452e-01
1.059583e+01	-1.396218e-02	9.999025e-01
1.059628e+01	-1.745241e-02	9.998477e-01
1.059669e+01	-2.094242e-02	9.997807e-01
1.059705e+01	-2.443218e-02	9.997015e-01
1.059737e+01	-2.792164e-02	9.996101e-01
1.059768e+01	-3.141076e-02	9.995066e-01
1.059797e+01	-3.489950e-02	9.993908e-01
1.059823e+01	-3.838781e-02	9.992629e-01
1.061048e+01	-4.187565e-02	9.991228e-01
1.061092e+01	-4.536299e-02	9.989706e-01
1.061138e+01	-4.884977e-02	9.988061e-01
1.061194e+01	-5.233596e-02	9.986295e-01
1.061230e+01	-5.582150e-02	9.984408e-01
1.061263e+01	-5.930637e-02	9.982398e-01
1.061295e+01	-6.279052e-02	9.980267e-01
1.061404e+01	-6.627390e-02	9.978015e-01
1.062636e+01	-6.975647e-02	9.975641e-01
1.062675e+01	-7.323820e-02	9.973145e-01
1.062712e+01	-7.671903e-02	9.970528e-01
1.062749e+01	-8.019892e-02	9.967789e-01
1.062788e+01	-8.367784e-02	9.964929e-01
1.062843e+01	-8.715574e-02	9.961947e-01
1.062871e+01	-9.063258e-02	9.958844e-01
1.064171e+01	-9.410831e-02	9.955620e-01
1.064206e+01	-9.758290e-02	9.952274e-01
1.064240e+01	-1.010563e-01	9.948807e-01
1.064272e+01	-1.045285e-01	9.945219e-01
1.064303e+01	-1.079994e-01	9.941510e-01
1.064332e+01	-1.114689e-01	9.937679e-01
1.064367e+01	-1.149372e-01	9.933728e-01
1.064409e+01	-1.184040e-01	9.929655e-01
1.065745e+01	-1.218693e-01	9.925462e-01
1.065776e+01	-1.253332e-01	9.921147e-01
1.065805e+01	-1.287956e-01	9.916712e-01
1.065836e+01	-1.322564e-01	9.912155e-01
1.065867e+01	-1.357156e-01	9.907478e-01
1.065898e+01	-1.391731e-01	9.902681e-01
1.065930e+01	-1.426289e-01	9.897762e-01
1.066008e+01	-1.460830e-01	9.892723e-01
1.067248e+01	-1.495353e-01	9.887564e-01
1.067279e+01	-1.529858e-01	9.882284e-01
1.067310e+01	-1.564345e-01	9.876883e-01
1.067351e+01	-1.598812e-01	9.871363e-01
1.067384e+01	-1.633260e-01	9.865722e-01
1.067417e+01	-1.667687e-01	9.859960e-01
1.067451e+01	-1.702095e-01	9.854079e-01
1.068810e+01	-1.736482e-01	9.848078e-01
1.068844e+01	-1.770847e-01	9.841956e-01
1.068880e+01	-1.805191e-01	9.835715e-01
1.068913e+01	-1.839514e-01	9.829353e-01
1.068946e+01	-1.873813e-01	9.822873e-01
1.068978e+01	-1.908090e-01	9.816272e-01
1.069007e+01	-1.942344e-01	9.809552e-01
1.069034e+01	-1.976573e-01	9.802712e-01
1.070380e+01	-2.010779e-01	9.795752e-01
1.070400e+01	-2.044961e-01	9.788674e-01
1.070421e+01	-2.079117e-01	9.781476e-01
1.070444e+01	-2.113248e-01	9.774159e-01
1.070467e+01	-2.147353e-01	9.766723e-01
1.070489e+01	-2.181432e-01	9.759168e-01
1.070510e+01	-2.215485e-01	9.751494e-01
1.070598e+01	-2.249511e-01	9.743701e-01
1.071907e+01	-2.283509e-01	9.735789e-01
1.071927e+01	-2.317479e-01	9.727759e-01
1.071947e+01	-2.351421e-01	9.719610e-01
1.071968e+01	-2.385335e-01	9.711343e-01
1.071989e+01	-2.419219e-01	9.702957e-01
1.072010e+01	-2.453074e-01	9.694453e-01
1.072031e+01	-2.486899e-01	9.685832e-01
1.073507e+01	-2.520694e-01	9.677092e-01
1.073529e+01	-2.554458e-01	9.668234e-01
1.073553e+01	-2.588190e-01	9.659258e-01
1.073576e+01	-2.621892e-01	9.650165e-01
1.073599e+01	-2.655561e-01	9.640954e-01
1.073621e+01	-2.689198e-01	9.631626e-01
1.073642e+01	-2.722802e-01	9.622180e-01
1.073664e+01	-2.756374e-01	9.612617e-01
1.075102e+01	-2.789911e-01	9.602937e-01
1.075115e+01	-2.823415e-01	9.593140e-01
1.075130e+01	-2.856884e-01	9.583226e-01
1.075143e+01	-2.890318e-01	9.573195e-01
1.075156e+01	-2.923717e-01	9.563048e-01
1.075169e+01	-2.957081e-01	9.552784e-01
1.075182e+01	-2.990408e-01	9.542403e-01
1.075195e+01	-3.023699e-01	9.531907e-01
1.076636e+01	-3.056953e-01	9.521294e-01
1.076653e+01	-3.090170e-01	9.510565e-01
1.076669e+01	-3.123349e-01	9.499721e-01
1.076685e+01	-3.156490e-01	9.488760e-01
1.076702e+01	-3.189593e-01	9.477684e-01
1.076718e+01	-3.222657e-01	9.466493e-01
1.076733e+01	-3.255682e-01	9.455186e-01
1.076800e+01	-3.288666e-01	9.443764e-01
1.078156e+01	-3.321611e-01	9.432227e-01
1.078175e+01	-3.354516e-01	9.420575e-01
1.078195e+01	-3.387379e-01	9.408808e-01
1.078213e+01	-3.420201e-01	9.396926e-01
1.078231e+01	-3.452982e-01	9.384930e-01
1.078248e+01	-3.485720e-01	9.372820e-01
1.078266e+01	-3.518416e-01	9.360595e-01
1.079725e+01	-3.551070e-01	9.348257e-01
1.079750e+01	-3.583679e-01	9.335804e-01
1.079774e+01	-3.616246e-01	9.323238e-01
1.079799e+01	-3.648768e-01	9.310558e-01
1.079822e+01	-3.681246e-01	9.297765e-01
1.079846e+01	-3.713678e-01	9.284858e-01
1.079868e+01	-3.746066e-01	9.271839e-01
1.079891e+01	-3.778408e-01	9.258706e-01
1.079997e+01	-3.810704e-01	9.245460e-01
1.081264e+01	-3.842953e-01	9.232102e-01
1.081292e+01	-3.875156e-01	9.218632e-01
1.081315e+01	-3.907311e-01	9.205049e-01
1.081337e+01	-3.939419e-01	9.191353e-01
1.081355e+01	-3.971479e-01	9.177546e-01
1.081374e+01	-4.003490e-01	9.163627e-01
1.081400e+01	-4.035453e-01	9.149597e-01
1.082827e+01	-4.067366e-01	9.135455e-01
1.082861e+01	-4.099230e-01	9.121201e-01
1.082894e+01	-4.131044e-01	9.106837e-01
1.082928e+01	-4.162808e-01	9.092361e-01
1.082958e+01	-4.194521e-01	9.077775e-01
1.082986e+01	-4.226183e-01	9.063078e-01
1.083014e+01	-4.257793e-01	9.048271e-01
1.083039e+01	-4.289351e-01	9.033353e-01
1.084419e+01	-4.320857e-01	9.018325e-01
1.084457e+01	-4.352311e-01	9.003188e-01
1.084506e+01	-4.383711e-01	8.987940e-01
1.084540e+01	-4.415059e-01	8.972584e-01
1.084571e+01	-4.446352e-01	8.957118e-01
1.084600e+01	-4.477591e-01	8.941542e-01
1.084628e+01	-4.508775e-01	8.925858e-01
1.084661e+01	-4.539905e-01	8.910065e-01
1.085995e+01	-4.570979e-01	8.894164e-01
1.086033e+01	-4.601998e-01	8.878154e-01
1.086074e+01	-4.632960e-01	8.862036e-01
1.086121e+01	-4.663866e-01	8.845810e-01
1.086159e+01	-4.694716e-01	8.829476e-01
1.086193e+01	-4.725508e-01	8.813035e-01
1.086223e+01	-4.756242e-01	8.796486e-01
1.086250e+01	-4.786919e-01	8.779830e-01
1.087619e+01	-4.817537e-01	8.763067e-01
1.087670e+01	-4.848096e-01	8.746197e-01
1.087721e+01	-4.878597e-01	8.729221e-01
1.087766e+01	-4.909038e-01	8.712138e-01
1.087807e+01	-4.939419e-01	8.694949e-01
1.087846e+01	-4.969740e-01	8.677655e-01
1.087887e+01	-5.000000e-01	8.660254e-01
1.087918e+01	-5.030199e-01	8.642748e-01
1.088007e+01	-5.060338e-01	8.625137e-01
1.089091e+01	-5.090414e-01	8.607420e-01
1.089124e+01	-5.120429e-01	8.589599e-01
1.089158e+01	-5.150381e-01	8.571673e-01
1.089192e+01	-5.180270e-01	8.553643e-01
1.089222e+01	-5.210096e-01	8.535508e-01
1.089251e+01	-5.239859e-01	8.517269e-01
1.090610e+01	-5.269558e-01	8.498927e-01
1.090639e+01	-5.299193e-01	8.480481e-01
1.090668e+01	-5.328763e-01	8.461932e-01
1.090697e+01	-5.358268e-01	8.443279e-01
1.090724e+01	-5.387708e-01	8.424524e-01
1.090751e+01	-5.417082e-01	8.405666e-01
1.090776e+01	-5.446390e-01	8.386706e-01
1.090805e+01	-5.475632e-01	8.367643e-01
1.092170e+01	-5.504807e-01	8.348479e-01
1.092197e+01	-5.533915e-01	8.329212e-01
1.092223e+01	-5.562956e-01	8.309845e-01
1.092249e+01	-5.591929e-01	8.290376e-01
1.092276e+01	-5.620834e-01	8.270806e-01
1.092303e+01	-5.649670e-01	8.251135e-01
1.092338e+01	-5.678437e-01	8.231364e-01
1.092410e+01	-5.707136e-01	8.211492e-01
1.093705e+01	-5.735764e-01	8.191520e-01
1.093744e+01	-5.764323e-01	8.171449e-01
1.093782e+01	-5.792812e-01	8.151278e-01
1.093822e+01	-5.821230e-01	8.131008e-01
1.093876e+01	-5.849577e-01	8.110638e-01
1.093919e+01	-5.877853e-01	8.090170e-01
1.093963e+01	-5.906057e-01	8.069603e-01
1.094021e+01	-5.934189e-01	8.048938e-01
1.095218e+01	-5.962249e-01	8.028175e-01
1.095244e+01	-5.990236e-01	8.007314e-01
1.095269e+01	-6.018150e-01	7.986355e-01
1.095294e+01	-6.045991e-01	7.965299e-01
1.095319e+01	-6.073758e-01	7.944146e-01
1.095344e+01	-6.101452e-01	7.922896e-01
1.095404e+01	-6.129071e-01	7.901550e-01
1.096784e+01	-6.156615e-01	7.880108e-01
1.096804e+01	-6.184084e-01	7.858569e-01
1.096823e+01	-6.211478e-01	7.836935e-01
1.096844e+01	-6.238796e-01	7.815205e-01
1.096864e+01	-6.266038e-01	7.793380e-01
1.096884e+01	-6.293204e-01	7.771460e-01
1.096903e+01	-6.320293e-01	7.749445e-01
1.096996e+01	-6.347305e-01	7.727336e-01
1.098359e+01	-6.374240e-01	7.705132e-01
1.098467e+01	-6.401097e-01	7.682835e-01
1.098487e+01	-6.427876e-01	7.660444e-01
1.098505e+01	-6.454577e-01	7.637960e-01
1.098519e+01	-6.481199e-01	7.615383e-01
1.098534e+01	-6.507742e-01	7.592713e-01
1.098547e+01	-6.534206e-01	7.569951e-01
1.098593e+01	-6.560590e-01	7.547096e-01
1.099863e+01	-6.586895e-01	7.524149e-01
1.099877e+01	-6.613119e-01	7.501111e-01
1.099891e+01	-6.639262e-01	7.477981e-01
1.099906e+01	-6.665325e-01	7.454760e-01
1.099921e+01	-6.691306e-01	7.431448e-01
1.099936e+01	-6.717206e-01	7.408046e-01
1.099998e+01	-6.743024e-01	7.384553e-01
1.101470e+01	-6.768760e-01	7.360971e-01
1.101493e+01	-6.794413e-01	7.337299e-01
1.101514e+01	-6.819984e-01	7.313537e-01
1.101534e+01	-6.845471e-01	7.289686e-01
1.101553e+01	-6.870875e-01	7.265747e-01
1.101571e+01	-6.896195e-01	7.241719e-01
1.101590e+01	-6.921432e-01	7.217602e-01
1.101607e+01	-6.946584e-01	7.193398e-01
1.103055e+01	-6.971651e-01	7.169106e-01
1.103083e+01	-6.996633e-01	7.144727e-01
1.103108e+01	-7.021531e-01	7.120260e-01
1.103133e+01	-7.046342e-01	7.095707e-01
1.103156e+01	-7.071068e-01	7.071068e-01
1.103178e+01	-7.095707e-01	7.046342e-01
1.103199e+01	-7.120260e-01	7.021531e-01
1.103226e+01	-7.144727e-01	6.996633e-01
1.104619e+01	-7.169106e-01	6.971651e-01
1.104658e+01	-7.193398e-01	6.946584e-01
1.104693e+01	-7.217602e-01	6.921432e-01
1.104729e+01	-7.241719e-01	6.896195e-01
1.104761e+01	-7.265747e-01	6.870875e-01
1.104792e+01	-7.289686e-01	6.845471e-01
1.104823e+01	-7.313537e-01	6.819984e-01
1.104854e+01	-7.337299e-01	6.794413e-01
1.106134e+01	-7.360971e-01	6.768760e-01
1.106181e+01	-7.384553e-01	6.743024e-01
1.106226e+01	-7.408046e-01	6.717206e-01
1.106267e+01	-7.431448e-01	6.691306e-01
1.106304e+01	-7.454760e-01	6.665325e-01
1.106338e+01	-7.477981e-01	6.639262e-01
1.106370e+01	-7.501111e-01	6.613119e-01
1.106413e+01	-7.524149e-01	6.586895e-01
1.107684e+01	-7.547096e-01	6.560590e-01
1.107733e+01	-7.569951e-01	6.534206e-01
1.107770e+01	-7.592713e-01	6.507742e-01
1.107808e+01	-7.615383e-01	6.481199e-01
1.107845e+01	-7.637960e-01	6.454577e-01
1.107884e+01	-7.660444e-01	6.427876e-01
1.107923e+01	-7.682835e-01	6.401097e-01
1.108008e+01	-7.705132e-01	6.374240e-01
1.109289e+01	0.000000e+00	0.000000e+00
1.109334e+01	0.000000e+00	0.000000e+00
1.109389e+01	0.000000e+00	0.000000e+00
1.109430e+01	0.000000e+00	0.000000e+00
1.109469e+01	0.000000e+00	0.000000e+00
1.109509e+01	0.000000e+00	0.000000e+00
1.109541e+01	0.000000e+00	0.000000e+00
1.109609e+01	0.000000e+00	0.000000e+00
1.110843e+01	0.000000e+00	0.000000e+00
1.110887e+01	0.000000e+00	0.000000e+00
1.110929e+01	0.000000e+00	0.000000e+00
1.110969e+01	0.000000e+00	0.000000e+00
1.111007e+01	0.000000e+00	0.000000e+00
1.111041e+01	0.000000e+00	0.000000e+00
1.111079e+01	0.000000e+00	0.000000e+00
1.112396e+01	0.000000e+00	0.000000e+00
1.112435e+01	0.000000e+00	0.000000e+00
1.112473e+01	0.000000e+00	0.000000e+00
1.112511e+01	0.000000e+00	0.000000e+00
1.112545e+01	0.000000e+00	0.000000e+00
1.112578e+01	0.000000e+00	0.000000e+00
1.112610e+01	0.000000e+00	0.000000e+00
1.112639e+01	0.000000e+00	0.000000e+00
1.114011e+01	0.000000e+00	0.000000e+00
1.114048e+01	0.000000e+00	0.000000e+00
1.114084e+01	0.000000e+00	0.000000e+00
1.114118e+01	0.000000e+00	0.000000e+00
1.114152e+01	0.000000e+00	0.000000e+00
1.114181e+01	0.000000e+00	0.000000e+00
1.114208e+01	0.000000e+00	0.000000e+00
1.114234e+01	0.000000e+00	0.000000e+00
1.115592e+01	0.000000e+00	0.000000e+00
1.115624e+01	0.000000e+00	0.000000e+00
1.115653e+01	0.000000e+00	0.000000e+00
1.115682e+01	0.000000e+00	0.000000e+00
1.115712e+01	0.000000e+00	0.000000e+00
1.115750e+01	0.000000e+00	0.000000e+00
1.115782e+01	0.000000e+00	0.000000e+00
1.115814e+01	0.000000e+00	0.000000e+00
1.117145e+01	0.000000e+00	0.000000e+00
1.117175e+01	0.000000e+00	0.000000e+00
1.117205e+01	0.000000e+00	0.000000e+00
1.117234e+01	0.000000e+00	0.000000e+00
1.117263e+01	0.000000e+00	0.000000e+00
1.117295e+01	0.000000e+00	0.000000e+00
1.117329e+01	0.000000e+00	0.000000e+00
1.117411e+01	0.000000e+00	0.000000e+00
1.118697e+01	0.000000e+00	0.000000e+00
1.118728e+01	0.000000e+00	0.000000e+00
1.118761e+01	0.000000e+00	0.000000e+00
1.118794e+01	0.000000e+00	0.000000e+00
1.118825e+01	0.000000e+00	0.000000e+00
1.118854e+01	0.000000e+00	0.000000e+00
1.118881e+01	0.000000e+00	0.000000e+00
1.119003e+01	0.000000e+00	0.000000e+00
1.120201e+01	0.000000e+00	0.000000e+00
1.120219e+01	0.000000e+00	0.000000e+00
1.120236e+01	0.000000e+00	0.000000e+00
1.120253e+01	0.000000e+00	0.000000e+00
1.120270e+01	0.000000e+00	0.000000e+00
1.120288e+01	0.000000e+00	0.000000e+00
1.120403e+01	0.000000e+00	0.000000e+00
1.121737e+01	0.000000e+00	0.000000e+00
1.121761e+01	0.000000e+00	0.000000e+00
1.121785e+01	0.000000e+00	0.000000e+00
1.121810e+01	0.000000e+00	0.000000e+00
1.121836e+01	0.000000e+00	0.000000e+00
1.121863e+01	0.000000e+00	0.000000e+00
1.121896e+01	0.000000e+00	0.000000e+00
1.122008e+01	0.000000e+00	0.000000e+00
1.123308e+01	0.000000e+00	0.000000e+00
1.123332e+01	0.000000e+00	0.000000e+00
1.123357e+01	0.000000e+00	0.000000e+00
1.123382e+01	0.000000e+00	0.000000e+00
1.123407e+01	0.000000e+00	0.000000e+00
1.123430e+01	0.000000e+00	0.000000e+00
1.123452e+01	0.000000e+00	0.000000e+00
1.124894e+01	0.000000e+00	0.000000e+00
1.124918e+01	0.000000e+00	0.000000e+00
1.124941e+01	0.000000e+00	0.000000e+00
1.124963e+01	0.000000e+00	0.000000e+00
1.124985e+01	0.000000e+00	0.000000e+00
1.125007e+01	0.000000e+00	0.000000e+00
1.125025e+01	0.000000e+00	0.000000e+00
1.125044e+01	0.000000e+00	0.000000e+00
1.126393e+01	0.000000e+00	0.000000e+00
1.126415e+01	0.000000e+00	0.000000e+00
1.126436e+01	0.000000e+00	0.000000e+00
1.126457e+01	0.000000e+00	0.000000e+00
1.126479e+01	0.000000e+00	0.000000e+00
1.126501e+01	0.000000e+00	0.000000e+00
1.126522e+01	0.000000e+00	0.000000e+00
1.126597e+01	0.000000e+00	0.000000e+00
1.128000e+01	0.000000e+00	0.000000e+00
1.128069e+01	0.000000e+00	0.000000e+00
1.128094e+01	0.000000e+00	0.000000e+00
1.128115e+01	0.000000e+00	0.000000e+00
1.128135e+01	0.000000e+00	0.000000e+00
1.128154e+01	0.000000e+00	0.000000e+00
1.128172e+01	0.000000e+00	0.000000e+00
1.128198e+01	0.000000e+00	0.000000e+00
1.129583e+01	0.000000e+00	0.000000e+00
1.129619e+01	0.000000e+00	0.000000e+00
1.129650e+01	0.000000e+00	0.000000e+00
1.129678e+01	0.000000e+00	0.000000e+00
1.129706e+01	0.000000e+00	0.000000e+00
1.129731e+01	0.000000e+00	0.000000e+00
1.129797e+01	0.000000e+00	0.000000e+00
1.129818e+01	0.000000e+00	0.000000e+00
1.131199e+01	0.000000e+00	0.000000e+00
1.131240e+01	0.000000e+00	0.000000e+00
1.131278e+01	0.000000e+00	0.000000e+00
1.131314e+01	0.000000e+00	0.000000e+00
1.131354e+01	0.000000e+00	0.000000e+00
1.131387e+01	0.000000e+00	0.000000e+00
1.131417e+01	0.000000e+00	0.000000e+00
1.131445e+01	0.000000e+00	0.000000e+00
1.132700e+01	0.000000e+00	0.000000e+00
1.132774e+01	0.000000e+00	0.000000e+00
1.132813e+01	0.000000e+00	0.000000e+00
1.132863e+01	0.000000e+00	0.000000e+00
1.132899e+01	0.000000e+00	0.000000e+00
1.132931e+01	0.000000e+00	0.000000e+00
1.132962e+01	0.000000e+00	0.000000e+00
1.133010e+01	0.000000e+00	0.000000e+00
1.134290e+01	0.000000e+00	0.000000e+00
1.134327e+01	0.000000e+00	0.000000e+00
1.134366e+01	0.000000e+00	0.000000e+00
1.134404e+01	0.000000e+00	0.000000e+00
1.134447e+01	0.000000e+00	0.000000e+00
1.134479e+01	0.000000e+00	0.000000e+00
1.134510e+01	0.000000e+00	0.000000e+00
1.134607e+01	0.000000e+00	0.000000e+00
1.135887e+01	0.000000e+00	0.000000e+00
1.135918e+01	0.000000e+00	0.000000e+00
1.135949e+01	0.000000e+00	0.000000e+00
1.135980e+01	0.000000e+00	0.000000e+00
1.136011e+01	0.000000e+00	0.000000e+00
1.136052e+01	0.000000e+00	0.000000e+00
1.136086e+01	0.000000e+00	0.000000e+00
1.136210e+01	0.000000e+00	0.000000e+00
1.137449e+01	0.000000e+00	0.000000e+00
1.137481e+01	0.000000e+00	0.000000e+00
1.137512e+01	0.000000e+00	0.000000e+00
1.137542e+01	0.000000e+00	0.000000e+00
1.137572e+01	0.000000e+00	0.000000e+00
1.137600e+01	0.000000e+00	0.000000e+00
1.137626e+01	0.000000e+00	0.000000e+00
1.138994e+01	0.000000e+00	0.000000e+00
1.139017e+01	0.000000e+00	0.000000e+00
1.139040e+01	0.000000e+00	0.000000e+00
1.139064e+01	0.000000e+00	0.000000e+00
1.139088e+01	0.000000e+00	0.000000e+00
1.139111e+01	0.000000e+00	0.000000e+00
1.139132e+01	0.000000e+00	0.000000e+00
1.139199e+01	0.000000e+00	0.000000e+00
1.140584e+01	0.000000e+00	0.000000e+00
1.140604e+01	0.000000e+00	0.000000e+00
1.140623e+01	0.000000e+00	0.000000e+00
1.140644e+01	0.000000e+00	0.000000e+00
1.140664e+01	0.000000e+00	0.000000e+00
1.140684e+01	0.000000e+00	0.000000e+00
1.140705e+01	0.000000e+00	0.000000e+00
1.140802e+01	0.000000e+00	0.000000e+00
1.142073e+01	0.000000e+00	0.000000e+00
1.142097e+01	0.000000e+00	0.000000e+00
1.142119e+01	0.000000e+00	0.000000e+00
1.142142e+01	0.000000e+00	0.000000e+00
1.142165e+01	0.000000e+00	0.000000e+00
1.142189e+01	0.000000e+00	0.000000e+00
1.142213e+01	0.000000e+00	0.000000e+00
1.143589e+01	0.000000e+00	0.000000e+00
1.143618e+01	0.000000e+00	0.000000e+00
1.143643e+01	0.000000e+00	0.000000e+00
1.143670e+01	0.000000e+00	0.000000e+00
1.143697e+01	0.000000e+00	0.000000e+00
1.143721e+01	0.000000e+00	0.000000e+00
1.143744e+01	0.000000e+00	0.000000e+00
1.143801e+01	0.000000e+00	0.000000e+00
1.145168e+01	0.000000e+00	0.000000e+00
1.145191e+01	0.000000e+00	0.000000e+00
1.145214e+01	0.000000e+00	0.000000e+00
1.145237e+01	0.000000e+00	0.000000e+00
1.145260e+01	0.000000e+00	0.000000e+00
1.145283e+01	0.000000e+00	0.000000e+00
1.145306e+01	0.000000e+00	0.000000e+00
1.145402e+01	0.000000e+00	0.000000e+00
1.146774e+01	0.000000e+00	0.000000e+00
1.146799e+01	0.000000e+00	0.000000e+00
1.146822e+01	0.000000e+00	0.000000e+00
1.146844e+01	0.000000e+00	0.000000e+00
1.146867e+01	0.000000e+00	0.000000e+00
1.146902e+01	0.000000e+00	0.000000e+00
1.146924e+01	0.000000e+00	0.000000e+00
1.147000e+01	0.000000e+00	0.000000e+00
1.148309e+01	0.000000e+00	0.000000e+00
1.148326e+01	0.000000e+00	0.000000e+00
1.148343e+01	0.000000e+00	0.000000e+00
1.148360e+01	0.000000e+00	0.000000e+00
1.148377e+01	0.000000e+00	0.000000e+00
1.148401e+01	0.000000e+00	0.000000e+00
1.148418e+01	0.000000e+00	0.000000e+00
1.149884e+01	0.000000e+00	0.000000e+00
1.149904e+01	0.000000e+00	0.000000e+00
1.149924e+01	0.000000e+00	0.000000e+00
1.149943e+01	0.000000e+00	0.000000e+00
1.149962e+01	0.000000e+00	0.000000e+00
1.149982e+01	0.000000e+00	0.000000e+00
1.150000e+01	0.000000e+00	0.000000e+00
1.150018e+01	0.000000e+00	0.000000e+00
1.151379e+01	0.000000e+00	0.000000e+00
1.151407e+01	0.000000e+00	0.000000e+00
1.151433e+01	0.000000e+00	0.000000e+00
1.151458e+01	0.000000e+00	0.000000e+00
1.151484e+01	0.000000e+00	0.000000e+00
1.151508e+01	0.000000e+00	0.000000e+00
1.151530e+01	0.000000e+00	0.000000e+00
1.151603e+01	0.000000e+00	0.000000e+00
1.153024e+01	0.000000e+00	0.000000e+00
1.153049e+01	0.000000e+00	0.000000e+00
1.153075e+01	0.000000e+00	0.000000e+00
1.153118e+01	0.000000e+00	0.000000e+00
1.153140e+01	0.000000e+00	0.000000e+00
1.153162e+01	0.000000e+00	0.000000e+00
1.153184e+01	0.000000e+00	0.000000e+00
1.153204e+01	0.000000e+00	0.000000e+00
1.154607e+01	0.000000e+00	0.000000e+00
1.154643e+01	0.000000e+00	0.000000e+00
1.154685e+01	0.000000e+00	0.000000e+00
1.154719e+01	0.000000e+00	0.000000e+00
1.154750e+01	0.000000e+00	0.000000e+00
1.154779e+01	0.000000e+00	0.000000e+00
1.154818e+01	0.000000e+00	0.000000e+00
1.154843e+01	0.000000e+00	0.000000e+00
1.156147e+01	0.000000e+00	0.000000e+00
1.156190e+01	0.000000e+00	0.000000e+00
1.156244e+01	0.000000e+00	0.000000e+00
1.156281e+01	0.000000e+00	0.000000e+00
1.156317e+01	0.000000e+00	0.000000e+00
1.156347e+01	0.000000e+00	0.000000e+00
1.156375e+01	0.000000e+00	0.000000e+00
1.156407e+01	0.000000e+00	0.000000e+00
1.157704e+01	0.000000e+00	0.000000e+00
1.157743e+01	0.000000e+00	0.000000e+00
1.157804e+01	0.000000e+00	0.000000e+00
1.157843e+01	0.000000e+00	0.000000e+00
1.157877e+01	0.000000e+00	0.000000e+00
1.157911e+01	0.000000e+00	0.000000e+00
1.157946e+01	0.000000e+00	0.000000e+00
1.158013e+01	0.000000e+00	0.000000e+00
1.159287e+01	0.000000e+00	0.000000e+00
1.159327e+01	0.000000e+00	0.000000e+00
1.159368e+01	0.000000e+00	0.000000e+00
1.159408e+01	0.000000e+00	0.000000e+00
1.159471e+01	0.000000e+00	0.000000e+00
1.159505e+01	0.000000e+00	0.000000e+00
1.159546e+01	0.000000e+00	0.000000e+00
1.159605e+01	0.000000e+00	0.000000e+00
1.160828e+01	0.000000e+00	0.000000e+00
1.160865e+01	0.000000e+00	0.000000e+00
1.160901e+01	0.000000e+00	0.000000e+00
1.160936e+01	0.000000e+00	0.000000e+00
1.160971e+01	0.000000e+00	0.000000e+00
1.161005e+01	0.000000e+00	0.000000e+00
1.161034e+01	0.000000e+00	0.000000e+00
1.162314e+01	0.000000e+00	0.000000e+00
1.162342e+01	0.000000e+00	0.000000e+00
1.162370e+01	0.000000e+00	0.000000e+00
1.162399e+01	0.000000e+00	0.000000e+00
1.162429e+01	0.000000e+00	0.000000e+00
1.162459e+01	0.000000e+00	0.000000e+00
1.162489e+01	0.000000e+00	0.000000e+00
1.162604e+01	0.000000e+00	0.000000e+00
1.163840e+01	0.000000e+00	0.000000e+00
1.163862e+01	0.000000e+00	0.000000e+00
1.163883e+01	0.000000e+00	0.000000e+00
1.163905e+01	0.000000e+00	0.000000e+00
1.163928e+01	0.000000e+00	0.000000e+00
1.163951e+01	0.000000e+00	0.000000e+00
1.164009e+01	0.000000e+00	0.000000e+00
1.165488e+01	0.000000e+00	0.000000e+00
1.165530e+01	0.000000e+00	0.000000e+00
1.165559e+01	0.000000e+00	0.000000e+00
1.165590e+01	0.000000e+00	0.000000e+00
1.165629e+01	0.000000e+00	0.000000e+00
1.165661e+01	0.000000e+00	0.000000e+00
1.165692e+01	0.000000e+00	0.000000e+00
1.165724e+01	0.000000e+00	0.000000e+00
1.165809e+01	0.000000e+00	0.000000e+00
1.167016e+01	0.000000e+00	0.000000e+00
1.167041e+01	0.000000e+00	0.000000e+00
1.167066e+01	0.000000e+00	0.000000e+00
1.167092e+01	0.000000e+00	0.000000e+00
1.167117e+01	0.000000e+00	0.000000e+00
1.167143e+01	0.000000e+00	0.000000e+00
1.167206e+01	0.000000e+00	0.000000e+00
1.168535e+01	0.000000e+00	0.000000e+00
1.168564e+01	0.000000e+00	0.000000e+00
1.168590e+01	0.000000e+00	0.000000e+00
1.168615e+01	0.000000e+00	0.000000e+00
1.168643e+01	0.000000e+00	0.000000e+00
1.168670e+01	0.000000e+00	0.000000e+00
1.168708e+01	0.000000e+00	0.000000e+00
1.168813e+01	0.000000e+00	0.000000e+00
1.170078e+01	0.000000e+00	0.000000e+00
1.170100e+01	0.000000e+00	0.000000e+00
1.170122e+01	0.000000e+00	0.000000e+00
1.170144e+01	0.000000e+00	0.000000e+00
1.170167e+01	0.000000e+00	0.000000e+00
1.170190e+01	0.000000e+00	0.000000e+00
1.170210e+01	0.000000e+00	0.000000e+00
1.171613e+01	0.000000e+00	0.000000e+00
1.171630e+01	0.000000e+00	0.000000e+00
1.171648e+01	0.000000e+00	0.000000e+00
1.171665e+01	0.000000e+00	0.000000e+00
1.171682e+01	0.000000e+00	0.000000e+00
1.171701e+01	0.000000e+00	0.000000e+00
1.171720e+01	0.000000e+00	0.000000e+00
1.171802e+01	0.000000e+00	0.000000e+00
1.173217e+01	0.000000e+00	0.000000e+00
1.173250e+01	0.000000e+00	0.000000e+00
1.173275e+01	0.000000e+00	0.000000e+00
1.173301e+01	0.000000e+00	0.000000e+00
1.173324e+01	0.000000e+00	0.000000e+00
1.173345e+01	0.000000e+00	0.000000e+00
1.173368e+01	0.000000e+00	0.000000e+00
1.173400e+01	0.000000e+00	0.000000e+00
1.174766e+01	0.000000e+00	0.000000e+00
1.174799e+01	0.000000e+00	0.000000e+00
1.174831e+01	0.000000e+00	0.000000e+00
1.174859e+01	0.000000e+00	0.000000e+00
1.174930e+01	0.000000e+00	0.000000e+00
1.174953e+01	0.000000e+00	0.000000e+00
1.174975e+01	0.000000e+00	0.000000e+00
1.175000e+01	0.000000e+00	0.000000e+00
1.176294e+01	0.000000e+00	0.000000e+00
1.176329e+01	0.000000e+00	0.000000e+00
1.176363e+01	0.000000e+00	0.000000e+00
1.176396e+01	0.000000e+00	0.000000e+00
1.176426e+01	0.000000e+00	0.000000e+00
1.176461e+01	0.000000e+00	0.000000e+00
1.176489e+01	0.000000e+00	0.000000e+00
1.176604e+01	0.000000e+00	0.000000e+00
1.177900e+01	0.000000e+00	0.000000e+00
1.177943e+01	0.000000e+00	0.000000e+00
1.177984e+01	0.000000e+00	0.000000e+00
1.178023e+01	0.000000e+00	0.000000e+00
1.178060e+01	0.000000e+00	0.000000e+00
1.178096e+01	0.000000e+00	0.000000e+00
1.178128e+01	0.000000e+00	0.000000e+00
1.178207e+01	0.000000e+00	0.000000e+00
1.179442e+01	0.000000e+00	0.000000e+00
1.179505e+01	0.000000e+00	0.000000e+00
1.179561e+01	0.000000e+00	0.000000e+00
1.179598e+01	0.000000e+00	0.000000e+00
1.179634e+01	0.000000e+00	0.000000e+00
1.179667e+01	0.000000e+00	0.000000e+00
1.179698e+01	0.000000e+00	0.000000e+00
1.179806e+01	0.000000e+00	0.000000e+00
1.181039e+01	0.000000e+00	0.000000e+00
1.181076e+01	0.000000e+00	0.000000e+00
1.181113e+01	0.000000e+00	0.000000e+00
1.181146e+01	0.000000e+00	0.000000e+00
1.181178e+01	0.000000e+00	0.000000e+00
1.181209e+01	0.000000e+00	0.000000e+00
1.181237e+01	0.000000e+00	0.000000e+00
1.182599e+01	0.000000e+00	0.000000e+00
1.182631e+01	0.000000e+00	0.000000e+00
1.182665e+01	0.000000e+00	0.000000e+00
1.182699e+01	0.000000e+00	0.000000e+00
1.182734e+01	0.000000e+00	0.000000e+00
1.182768e+01	0.000000e+00	0.000000e+00
1.182802e+01	0.000000e+00	0.000000e+00
1.182833e+01	0.000000e+00	0.000000e+00
1.184119e+01	0.000000e+00	0.000000e+00
1.184158e+01	0.000000e+00	0.000000e+00
1.184196e+01	0.000000e+00	0.000000e+00
1.184232e+01	0.000000e+00	0.000000e+00
1.184271e+01	0.000000e+00	0.000000e+00
1.184303e+01	0.000000e+00	0.000000e+00
1.184342e+01	0.000000e+00	0.000000e+00
1.184406e+01	0.000000e+00	0.000000e+00
1.185652e+01	0.000000e+00	0.000000e+00
1.185676e+01	0.000000e+00	0.000000e+00
1.185699e+01	0.000000e+00	0.000000e+00
1.185722e+01	0.000000e+00	0.000000e+00
1.185745e+01	0.000000e+00	0.000000e+00
1.185767e+01	0.000000e+00	0.000000e+00
1.185802e+01	0.000000e+00	0.000000e+00
1.187191e+01	0.000000e+00	0.000000e+00
1.187213e+01	0.000000e+00	0.000000e+00
1.187235e+01	0.000000e+00	0.000000e+00
1.187257e+01	0.000000e+00	0.000000e+00
1.187280e+01	0.000000e+00	0.000000e+00
1.187303e+01	0.000000e+00	0.000000e+00
1.187324e+01	0.000000e+00	0.000000e+00
1.187398e+01	0.000000e+00	0.000000e+00
1.188721e+01	0.000000e+00	0.000000e+00
1.188740e+01	0.000000e+00	0.000000e+00
1.188758e+01	0.000000e+00	0.000000e+00
1.188777e+01	0.000000e+00	0.000000e+00
1.188795e+01	0.000000e+00	0.000000e+00
1.188813e+01	0.000000e+00	0.000000e+00
1.188830e+01	0.000000e+00	0.000000e+00
1.190296e+01	0.000000e+00	0.000000e+00
1.190310e+01	0.000000e+00	0.000000e+00
1.190324e+01	0.000000e+00	0.000000e+00
1.190338e+01	0.000000e+00	0.000000e+00
1.190352e+01	0.000000e+00	0.000000e+00
1.190365e+01	0.000000e+00	0.000000e+00
1.190381e+01	0.000000e+00	0.000000e+00
1.190395e+01	0.000000e+00	0.000000e+00
1.191843e+01	0.000000e+00	0.000000e+00
1.191856e+01	0.000000e+00	0.000000e+00
1.191869e+01	0.000000e+00	0.000000e+00
1.191881e+01	0.000000e+00	0.000000e+00
1.191894e+01	0.000000e+00	0.000000e+00
1.191907e+01	0.000000e+00	0.000000e+00
1.191920e+01	0.000000e+00	0.000000e+00
1.191995e+01	0.000000e+00	0.000000e+00
1.193366e+01	0.000000e+00	0.000000e+00
1.193387e+01	0.000000e+00	0.000000e+00
1.193409e+01	0.000000e+00	0.000000e+00
1.193431e+01	0.000000e+00	0.000000e+00
1.193453e+01	0.000000e+00	0.000000e+00
1.193476e+01	0.000000e+00	0.000000e+00
1.193498e+01	0.000000e+00	0.000000e+00
1.193599e+01	0.000000e+00	0.000000e+00
1.195025e+01	0.000000e+00	0.000000e+00
1.195051e+01	0.000000e+00	0.000000e+00
1.195075e+01	0.000000e+00	0.000000e+00
1.195100e+01	0.000000e+00	0.000000e+00
1.195125e+01	0.000000e+00	0.000000e+00
1.195148e+01	0.000000e+00	0.000000e+00
1.195172e+01	0.000000e+00	0.000000e+00
1.195203e+01	0.000000e+00	0.000000e+00
1.196576e+01	0.000000e+00	0.000000e+00
1.196604e+01	0.000000e+00	0.000000e+00
1.196625e+01	0.000000e+00	0.000000e+00
1.196651e+01	0.000000e+00	0.000000e+00
1.196670e+01	0.000000e+00	0.000000e+00
1.196688e+01	0.000000e+00	0.000000e+00
1.196707e+01	0.000000e+00	0.000000e+00
1.196795e+01	0.000000e+00	0.000000e+00
1.198093e+01	0.000000e+00	0.000000e+00
1.198112e+01	0.000000e+00	0.000000e+00
1.198131e+01	0.000000e+00	0.000000e+00
1.198149e+01	0.000000e+00	0.000000e+00
1.198169e+01	0.000000e+00	0.000000e+00
1.198188e+01	0.000000e+00	0.000000e+00
1.198207e+01	0.000000e+00	0.000000e+00
1.199686e+01	0.000000e+00	0.000000e+00
1.199718e+01	0.000000e+00	0.000000e+00
1.199749e+01	0.000000e+00	0.000000e+00
1.199776e+01	0.000000e+00	0.000000e+00
1.199804e+01	0.000000e+00	0.000000e+00
1.199885e+01	0.000000e+00	0.000000e+00
1.199910e+01	0.000000e+00	0.000000e+00
1.199933e+01	0.000000e+00	0.000000e+00
1.200001e+01	0.000000e+00	0.000000e+00
1.201309e+01	0.000000e+00	0.000000e+00
1.201350e+01	0.000000e+00	0.000000e+00
1.201386e+01	0.000000e+00	0.000000e+00
1.201420e+01	0.000000e+00	0.000000e+00
1.201449e+01	0.000000e+00	0.000000e+00
1.201477e+01	0.000000e+00	0.000000e+00
1.201501e+01	0.000000e+00	0.000000e+00
1.201599e+01	0.000000e+00	0.000000e+00
1.202836e+01	0.000000e+00	0.000000e+00
1.202866e+01	0.000000e+00	0.000000e+00
1.202896e+01	0.000000e+00	0.000000e+00
1.202926e+01	0.000000e+00	0.000000e+00
1.203002e+01	0.000000e+00	0.000000e+00
1.203030e+01	0.000000e+00	0.000000e+00
1.203057e+01	0.000000e+00	0.000000e+00
1.204403e+01	0.000000e+00	0.000000e+00
1.204437e+01	0.000000e+00	0.000000e+00
1.204473e+01	0.000000e+00	0.000000e+00
1.204508e+01	0.000000e+00	0.000000e+00
1.204546e+01	0.000000e+00	0.000000e+00
1.204584e+01	0.000000e+00	0.000000e+00
1.204620e+01	0.000000e+00	0.000000e+00
1.204653e+01	0.000000e+00	0.000000e+00
1.206019e+01	0.000000e+00	0.000000e+00
1.206070e+01	0.000000e+00	0.000000e+00
1.206115e+01	0.000000e+00	0.000000e+00
1.206163e+01	0.000000e+00	0.000000e+00
1.206201e+01	0.000000e+00	0.000000e+00
1.206237e+01	0.000000e+00	0.000000e+00
1.206271e+01	0.000000e+00	0.000000e+00
1.206301e+01	0.000000e+00	0.000000e+00
1.206404e+01	0.000000e+00	0.000000e+00
1.207597e+01	0.000000e+00	0.000000e+00
1.207630e+01	0.000000e+00	0.000000e+00
1.207665e+01	0.000000e+00	0.000000e+00
1.207701e+01	0.000000e+00	0.000000e+00
1.207734e+01	0.000000e+00	0.000000e+00
1.207765e+01	0.000000e+00	0.000000e+00
1.207842e+01	0.000000e+00	0.000000e+00
1.209143e+01	0.000000e+00	0.000000e+00
1.209179e+01	0.000000e+00	0.000000e+00
1.209208e+01	0.000000e+00	0.000000e+00
1.209237e+01	0.000000e+00	0.000000e+00
1.209271e+01	0.000000e+00	0.000000e+00
1.209302e+01	0.000000e+00	0.000000e+00
1.209333e+01	0.000000e+00	0.000000e+00
1.209409e+01	0.000000e+00	0.000000e+00
1.210689e+01	0.000000e+00	0.000000e+00
1.210714e+01	0.000000e+00	0.000000e+00
1.210739e+01	0.000000e+00	0.000000e+00
1.210764e+01	0.000000e+00	0.000000e+00
1.210790e+01	0.000000e+00	0.000000e+00
1.210817e+01	0.000000e+00	0.000000e+00
1.210844e+01	0.000000e+00	0.000000e+00
1.212254e+01	0.000000e+00	0.000000e+00
1.212281e+01	0.000000e+00	0.000000e+00
1.212305e+01	0.000000e+00	0.000000e+00
1.212330e+01	0.000000e+00	0.000000e+00
1.212354e+01	0.000000e+00	0.000000e+00
1.212379e+01	0.000000e+00	0.000000e+00
1.212404e+01	0.000000e+00	0.000000e+00
1.212425e+01	0.000000e+00	0.000000e+00
1.213797e+01	0.000000e+00	0.000000e+00
1.213819e+01	0.000000e+00	0.000000e+00
1.213841e+01	0.000000e+00	0.000000e+00
1.213863e+01	0.000000e+00	0.000000e+00
1.213885e+01	0.000000e+00	0.000000e+00
1.213908e+01	0.000000e+00	0.000000e+00
1.213932e+01	0.000000e+00	0.000000e+00
1.214009e+01	0.000000e+00	0.000000e+00
1.215301e+01	0.000000e+00	0.000000e+00
1.215321e+01	0.000000e+00	0.000000e+00
1.215341e+01	0.000000e+00	0.000000e+00
1.215362e+01	0.000000e+00	0.000000e+00
1.215383e+01	0.000000e+00	0.000000e+00
1.215404e+01	0.000000e+00	0.000000e+00
1.215425e+01	0.000000e+00	0.000000e+00
1.216877e+01	0.000000e+00	0.000000e+00
1.216899e+01	0.000000e+00	0.000000e+00
1.216923e+01	0.000000e+00	0.000000e+00
1.216947e+01	0.000000e+00	0.000000e+00
1.216972e+01	0.000000e+00	0.000000e+00
1.216999e+01	0.000000e+00	0.000000e+00
1.217023e+01	0.000000e+00	0.000000e+00
1.217049e+01	0.000000e+00	0.000000e+00
1.218471e+01	0.000000e+00	0.000000e+00
1.218491e+01	0.000000e+00	0.000000e+00
1.218510e+01	0.000000e+00	0.000000e+00
1.218530e+01	0.000000e+00	0.000000e+00
1.218550e+01	0.000000e+00	0.000000e+00
1.218570e+01	0.000000e+00	0.000000e+00
1.218591e+01	0.000000e+00	0.000000e+00
1.218611e+01	0.000000e+00	0.000000e+00
1.220007e+01	0.000000e+00	0.000000e+00
1.220028e+01	0.000000e+00	0.000000e+00
1.220046e+01	0.000000e+00	0.000000e+00
1.220065e+01	0.000000e+00	0.000000e+00
1.220084e+01	0.000000e+00	0.000000e+00
1.220103e+01	0.000000e+00	0.000000e+00
1.220122e+01	0.000000e+00	0.000000e+00
1.220197e+01	0.000000e+00	0.000000e+00
1.221561e+01	0.000000e+00	0.000000e+00
1.221577e+01	0.000000e+00	0.000000e+00
1.221593e+01	0.000000e+00	0.000000e+00
1.221609e+01	0.000000e+00	0.000000e+00
1.221625e+01	0.000000e+00	0.000000e+00
1.221642e+01	0.000000e+00	0.000000e+00
1.221661e+01	0.000000e+00	0.000000e+00
1.223135e+01	0.000000e+00	0.000000e+00
1.223162e+01	0.000000e+00	0.000000e+00
1.223189e+01	0.000000e+00	0.000000e+00
1.223212e+01	0.000000e+00	0.000000e+00
1.223234e+01	0.000000e+00	0.000000e+00
1.223255e+01	0.000000e+00	0.000000e+00
1.223276e+01	0.000000e+00	0.000000e+00
1.223295e+01	0.000000e+00	0.000000e+00
1.223399e+01	0.000000e+00	0.000000e+00
1.224657e+01	0.000000e+00	0.000000e+00
1.224678e+01	0.000000e+00	0.000000e+00
1.224699e+01	0.000000e+00	0.000000e+00
1.224720e+01	0.000000e+00	0.000000e+00
1.224743e+01	0.000000e+00	0.000000e+00
1.224765e+01	0.000000e+00	0.000000e+00
1.224796e+01	0.000000e+00	0.000000e+00
1.226236e+01	0.000000e+00	0.000000e+00
1.226268e+01	0.000000e+00	0.000000e+00
1.226299e+01	0.000000e+00	0.000000e+00
1.226329e+01	0.000000e+00	0.000000e+00
1.226357e+01	0.000000e+00	0.000000e+00
1.226385e+01	0.000000e+00	0.000000e+00
1.226414e+01	0.000000e+00	0.000000e+00
1.226436e+01	0.000000e+00	0.000000e+00
1.227825e+01	0.000000e+00	0.000000e+00
1.227869e+01	0.000000e+00	0.000000e+00
1.227907e+01	0.000000e+00	0.000000e+00
1.227955e+01	0.000000e+00	0.000000e+00
1.227989e+01	0.000000e+00	0.000000e+00
1.228021e+01	0.000000e+00	0.000000e+00
1.228050e+01	0.000000e+00	0.000000e+00
1.228075e+01	0.000000e+00	0.000000e+00
1.229388e+01	0.000000e+00	0.000000e+00
1.229426e+01	0.000000e+00	0.000000e+00
1.229466e+01	0.000000e+00	0.000000e+00
1.229505e+01	0.000000e+00	0.000000e+00
1.229541e+01	0.000000e+00	0.000000e+00
1.229572e+01	0.000000e+00	0.000000e+00
1.229606e+01	0.000000e+00	0.000000e+00
1.229634e+01	0.000000e+00	0.000000e+00
1.231012e+01	0.000000e+00	0.000000e+00
1.231049e+01	0.000000e+00	0.000000e+00
1.231086e+01	0.000000e+00	0.000000e+00
1.231123e+01	0.000000e+00	0.000000e+00
1.231160e+01	0.000000e+00	0.000000e+00
1.231196e+01	0.000000e+00	0.000000e+00
1.231233e+01	0.000000e+00	0.000000e+00
1.231277e+01	0.000000e+00	0.000000e+00
1.232624e+01	0.000000e+00	0.000000e+00
1.232660e+01	0.000000e+00	0.000000e+00
1.232697e+01	0.000000e+00	0.000000e+00
1.232731e+01	0.000000e+00	0.000000e+00
1.232763e+01	0.000000e+00	0.000000e+00
1.232794e+01	0.000000e+00	0.000000e+00
1.232824e+01	0.000000e+00	0.000000e+00
1.232852e+01	0.000000e+00	0.000000e+00
1.234179e+01	0.000000e+00	0.000000e+00
1.234216e+01	0.000000e+00	0.000000e+00
1.234253e+01	0.000000e+00	0.000000e+00
1.234290e+01	0.000000e+00	0.000000e+00
1.234321e+01	0.000000e+00	0.000000e+00
1.234352e+01	0.000000e+00	0.000000e+00
1.234381e+01	0.000000e+00	0.000000e+00
1.234407e+01	0.000000e+00	0.000000e+00
1.235750e+01	0.000000e+00	0.000000e+00
1.235777e+01	0.000000e+00	0.000000e+00
1.235812e+01	0.000000e+00	0.000000e+00
1.235840e+01	0.000000e+00	0.000000e+00
1.235870e+01	0.000000e+00	0.000000e+00
1.235899e+01	0.000000e+00	0.000000e+00
1.235927e+01	0.000000e+00	0.000000e+00
1.236007e+01	0.000000e+00	0.000000e+00
1.237308e+01	0.000000e+00	0.000000e+00
1.237333e+01	0.000000e+00	0.000000e+00
1.237358e+01	0.000000e+00	0.000000e+00
1.237384e+01	0.000000e+00	0.000000e+00
1.237410e+01	0.000000e+00	0.000000e+00
1.237436e+01	0.000000e+00	0.000000e+00
1.237466e+01	0.000000e+00	0.000000e+00
1.238860e+01	0.000000e+00	0.000000e+00
1.238884e+01	0.000000e+00	0.000000e+00
1.238908e+01	0.000000e+00	0.000000e+00
1.238932e+01	0.000000e+00	0.000000e+00
1.238956e+01	0.000000e+00	0.000000e+00
1.238980e+01	0.000000e+00	0.000000e+00
1.239002e+01	0.000000e+00	0.000000e+00
1.239021e+01	0.000000e+00	0.000000e+00
1.240451e+01	0.000000e+00	0.000000e+00
1.240470e+01	0.000000e+00	0.000000e+00
1.240489e+01	0.000000e+00	0.000000e+00
1.240508e+01	0.000000e+00	0.000000e+00
1.240527e+01	0.000000e+00	0.000000e+00
1.240546e+01	0.000000e+00	0.000000e+00
1.240566e+01	0.000000e+00	0.000000e+00
1.240605e+01	0.000000e+00	0.000000e+00
1.242030e+01	0.000000e+00	0.000000e+00
1.242081e+01	0.000000e+00	0.000000e+00
1.242121e+01	0.000000e+00	0.000000e+00
1.242137e+01	0.000000e+00	0.000000e+00
1.242154e+01	0.000000e+00	0.000000e+00
1.242171e+01	0.000000e+00	0.000000e+00
1.242192e+01	0.000000e+00	0.000000e+00
1.242209e+01	0.000000e+00	0.000000e+00
1.243581e+01	0.000000e+00	0.000000e+00
1.243600e+01	0.000000e+00	0.000000e+00
1.243620e+01	0.000000e+00	0.000000e+00
1.243639e+01	0.000000e+00	0.000000e+00
1.243659e+01	0.000000e+00	0.000000e+00
1.243679e+01	0.000000e+00	0.000000e+00
1.243699e+01	0.000000e+00	0.000000e+00
1.243802e+01	0.000000e+00	0.000000e+00
1.245118e+01	0.000000e+00	0.000000e+00
1.245141e+01	0.000000e+00	0.000000e+00
1.245161e+01	0.000000e+00	0.000000e+00
1.245181e+01	0.000000e+00	0.000000e+00
1.245201e+01	0.000000e+00	0.000000e+00
1.245221e+01	0.000000e+00	0.000000e+00
1.245241e+01	0.000000e+00	0.000000e+00
1.246672e+01	0.000000e+00	0.000000e+00
1.246688e+01	0.000000e+00	0.000000e+00
1.246705e+01	0.000000e+00	0.000000e+00
1.246721e+01	0.000000e+00	0.000000e+00
1.246738e+01	0.000000e+00	0.000000e+00
1.246756e+01	0.000000e+00	0.000000e+00
1.246773e+01	0.000000e+00	0.000000e+00
1.246797e+01	0.000000e+00	0.000000e+00
1.248191e+01	0.000000e+00	0.000000e+00
1.248211e+01	0.000000e+00	0.000000e+00
1.248228e+01	0.000000e+00	0.000000e+00
1.248245e+01	0.000000e+00	0.000000e+00
1.248261e+01	-7.727336e-01	6.347305e-01
1.248277e+01	-7.749445e-01	6.320293e-01
1.248293e+01	-7.771460e-01	6.293204e-01
1.248398e+01	-7.793380e-01	6.266038e-01
1.249725e+01	-7.815205e-01	6.238796e-01
1.249752e+01	-7.836935e-01	6.211478e-01
1.249775e+01	-7.858569e-01	6.184084e-01
1.249798e+01	-7.880108e-01	6.156615e-01
1.249820e+01	-7.901550e-01	6.129071e-01
1.249846e+01	-7.922896e-01	6.101452e-01
1.249866e+01	-7.944146e-01	6.073758e-01
1.251277e+01	-7.965299e-01	6.045991e-01
1.251309e+01	-7.986355e-01	6.018150e-01
1.251340e+01	-8.007314e-01	5.990236e-01
1.251371e+01	-8.028175e-01	5.962249e-01
1.251400e+01	-8.048938e-01	5.934189e-01
1.251425e+01	-8.069603e-01	5.906057e-01
1.251449e+01	-8.090170e-01	5.877853e-01
1.251472e+01	-8.110638e-01	5.849577e-01
1.252810e+01	-8.131008e-01	5.821230e-01
1.252868e+01	-8.151278e-01	5.792812e-01
1.252915e+01	-8.171449e-01	5.764323e-01
1.252968e+01	-8.191520e-01	5.735764e-01
1.253010e+01	-8.211492e-01	5.707136e-01
1.253046e+01	-8.231364e-01	5.678437e-01
1.253080e+01	-8.251135e-01	5.649670e-01
1.253113e+01	-8.270806e-01	5.620834e-01
1.253207e+01	-8.290376e-01	5.591929e-01
1.254278e+01	-8.309845e-01	5.562956e-01
1.254312e+01	-8.329212e-01	5.533915e-01
1.254347e+01	-8.348479e-01	5.504807e-01
1.254382e+01	-8.367643e-01	5.475632e-01
1.254415e+01	-8.386706e-01	5.446390e-01
1.254446e+01	-8.405666e-01	5.417082e-01
1.255835e+01	-8.424524e-01	5.387708e-01
1.255866e+01	-8.443279e-01	5.358268e-01
1.255899e+01	-8.461932e-01	5.328763e-01
1.255926e+01	-8.480481e-01	5.299193e-01
1.255952e+01	-8.498927e-01	5.269558e-01
1.255977e+01	-8.517269e-01	5.239859e-01
1.256003e+01	-8.535508e-01	5.210096e-01
1.256026e+01	-8.553643e-01	5.180270e-01
1.257311e+01	-8.571673e-01	5.150381e-01
1.257335e+01	-8.589599e-01	5.120429e-01
1.257360e+01	-8.607420e-01	5.090414e-01
1.257389e+01	-8.625137e-01	5.060338e-01
1.257415e+01	-8.642748e-01	5.030199e-01
1.257442e+01	-8.660254e-01	5.000000e-01
1.257469e+01	-8.677655e-01	4.969740e-01
1.258893e+01	-8.694949e-01	4.939419e-01
1.258938e+01	-8.712138e-01	4.909038e-01
1.258964e+01	-8.729221e-01	4.878597e-01
1.258990e+01	-8.746197e-01	4.848096e-01
1.259017e+01	-8.763067e-01	4.817537e-01
1.259051e+01	-8.779830e-01	4.786919e-01
1.259079e+01	-8.796486e-01	4.756242e-01
1.259109e+01	-8.813035e-01	4.725508e-01
1.259212e+01	-8.829476e-01	4.694716e-01
1.260424e+01	-8.845810e-01	4.663866e-01
1.260450e+01	-8.862036e-01	4.632960e-01
1.260478e+01	-8.878154e-01	4.601998e-01
1.260506e+01	-8.894164e-01	4.570979e-01
1.260533e+01	-8.910065e-01	4.539905e-01
1.260561e+01	-8.925858e-01	4.508775e-01
1.260606e+01	-8.941542e-01	4.477591e-01
1.261951e+01	-8.957118e-01	4.446352e-01
1.261970e+01	-8.972584e-01	4.415059e-01
1.261990e+01	-8.987940e-01	4.383711e-01
1.262010e+01	-9.003188e-01	4.352311e-01
1.262031e+01	-9.018325e-01	4.320857e-01
1.262052e+01	-9.033353e-01	4.289351e-01
1.262077e+01	-9.048271e-01	4.257793e-01
1.263480e+01	-9.063078e-01	4.226183e-01
1.263502e+01	-9.077775e-01	4.194521e-01
1.263525e+01	-9.092361e-01	4.162808e-01
1.263550e+01	-9.106837e-01	4.131044e-01
1.263574e+01	-9.121201e-01	4.099230e-01
1.263597e+01	-9.135455e-01	4.067366e-01
1.263617e+01	-9.149597e-01	4.035453e-01
1.263637e+01	-9.163627e-01	4.003490e-01
1.265075e+01	-9.177546e-01	3.971479e-01
1.265100e+01	-9.191353e-01	3.939419e-01
1.265123e+01	-9.205049e-01	3.907311e-01
1.265146e+01	-9.218632e-01	3.875156e-01
1.265169e+01	-9.232102e-01	3.842953e-01
1.265192e+01	-9.245460e-01	3.810704e-01
1.265214e+01	-9.258706e-01	3.778408e-01
1.265241e+01	-9.271839e-01	3.746066e-01
1.266601e+01	-9.284858e-01	3.713678e-01
1.266635e+01	-9.297765e-01	3.681246e-01
1.266659e+01	-9.310558e-01	3.648768e-01
1.266684e+01	-9.323238e-01	3.616246e-01
1.266708e+01	-9.335804e-01	3.583679e-01
1.266731e+01	-9.348257e-01	3.551070e-01
1.266754e+01	-9.360595e-01	3.518416e-01
1.266801e+01	-9.372820e-01	3.485720e-01
1.268116e+01	-9.384930e-01	3.452982e-01
1.268141e+01	-9.396926e-01	3.420201e-01
1.268164e+01	-9.408808e-01	3.387379e-01
1.268188e+01	-9.420575e-01	3.354516e-01
1.268213e+01	-9.432227e-01	3.321611e-01
1.268239e+01	-9.443764e-01	3.288666e-01
1.268258e+01	-9.455186e-01	3.255682e-01
1.269648e+01	-9.466493e-01	3.222657e-01
1.269681e+01	-9.477684e-01	3.189593e-01
1.269714e+01	-9.488760e-01	3.156490e-01
1.269745e+01	-9.499721e-01	3.123349e-01
1.269773e+01	-9.510565e-01	3.090170e-01
1.269806e+01	-9.521294e-01	3.056953e-01
1.269830e+01	-9.531907e-01	3.023699e-01
1.269853e+01	-9.542403e-01	2.990408e-01
1.271220e+01	-9.552784e-01	2.957081e-01
1.271294e+01	-9.563048e-01	2.923717e-01
1.271328e+01	-9.573195e-01	2.890318e-01
1.271359e+01	-9.583226e-01	2.856884e-01
1.271386e+01	-9.593140e-01	2.823415e-01
1.271413e+01	-9.602937e-01	2.789911e-01
1.271437e+01	-9.612617e-01	2.756374e-01
1.271460e+01	-9.622180e-01	2.722802e-01
1.272723e+01	-9.631626e-01	2.689198e-01
1.272772e+01	-9.640954e-01	2.655561e-01
1.272818e+01	-9.650165e-01	2.621892e-01
1.272860e+01	-9.659258e-01	2.588190e-01
1.272899e+01	-9.668234e-01	2.554458e-01
1.272933e+01	-9.677092e-01	2.520694e-01
1.272968e+01	-9.685832e-01	2.486899e-01
1.273011e+01	-9.694453e-01	2.453074e-01
1.274255e+01	-9.702957e-01	2.419219e-01
1.274294e+01	-9.711343e-01	2.385335e-01
1.274332e+01	-9.719610e-01	2.351421e-01
1.274370e+01	-9.727759e-01	2.317479e-01
1.274411e+01	-9.735789e-01	2.283509e-01
1.274462e+01	-9.743701e-01	2.249511e-01
1.274501e+01	-9.751494e-01	2.215485e-01
1.274615e+01	-9.759168e-01	2.181432e-01
1.275803e+01	-9.766723e-01	2.147353e-01
1.275841e+01	-9.774159e-01	2.113248e-01
1.275880e+01	-9.781476e-01	2.079117e-01
1.275914e+01	-9.788674e-01	2.044961e-01
1.275947e+01	-9.795752e-01	2.010779e-01
1.275979e+01	-9.802712e-01	1.976573e-01
1.276008e+01	-9.809552e-01	1.942344e-01
1.277386e+01	-9.816272e-01	1.908090e-01
1.277417e+01	-9.822873e-01	1.873813e-01
1.277448e+01	-9.829353e-01	1.839514e-01
1.277478e+01	-9.835715e-01	1.805191e-01
1.277509e+01	-9.841956e-01	1.770847e-01
1.277546e+01	-9.848078e-01	1.736482e-01
1.277581e+01	-9.854079e-01	1.702095e-01
1.277615e+01	-9.859960e-01	1.667687e-01
1.278997e+01	-9.865722e-01	1.633260e-01
1.279021e+01	-9.871363e-01	1.598812e-01
1.279045e+01	-9.876883e-01	1.564345e-01
1.279058e+01	-9.882284e-01	1.529858e-01
1.279071e+01	-9.887564e-01	1.495353e-01
1.279083e+01	-9.892723e-01	1.460830e-01
1.279096e+01	-9.897762e-01	1.426289e-01
1.279201e+01	-9.902681e-01	1.391731e-01
1.280603e+01	-9.907478e-01	1.357156e-01
1.280618e+01	-9.912155e-01	1.322564e-01
1.280631e+01	-9.916712e-01	1.287956e-01
1.280644e+01	-9.921147e-01	1.253332e-01
1.280657e+01	-9.925462e-01	1.218693e-01
1.280670e+01	-9.929655e-01	1.184040e-01
1.280682e+01	-9.933728e-01	1.149372e-01
1.280792e+01	-9.937679e-01	1.114689e-01
1.282104e+01	-9.941510e-01	1.079994e-01
1.282118e+01	-9.945219e-01	1.045285e-01
1.282131e+01	-9.948807e-01	1.010563e-01
1.282144e+01	-9.952274e-01	9.758290e-02
1.282157e+01	-9.955620e-01	9.410831e-02
1.282170e+01	-9.958844e-01	9.063258e-02
1.282193e+01	-9.961947e-01	8.715574e-02
1.283731e+01	-9.964929e-01	8.367784e-02
1.283750e+01	-9.967789e-01	8.019892e-02
1.283769e+01	-9.970528e-01	7.671903e-02
1.283788e+01	-9.973145e-01	7.323820e-02
1.283816e+01	-9.975641e-01	6.975647e-02
1.283836e+01	-9.978015e-01	6.627390e-02
1.283856e+01	-9.980267e-01	6.279052e-02
1.283877e+01	-9.982398e-01	5.930637e-02
1.285231e+01	-9.984408e-01	5.582150e-02
1.285250e+01	-9.986295e-01	5.233596e-02
1.285270e+01	-9.988061e-01	4.884977e-02
1.285290e+01	-9.989706e-01	4.536299e-02
1.285310e+01	-9.991228e-01	4.187565e-02
1.285330e+01	-9.992629e-01	3.838781e-02
1.285350e+01	-9.993908e-01	3.489950e-02
1.285402e+01	-9.995066e-01	3.141076e-02
1.286778e+01	-9.996101e-01	2.792164e-02
1.286797e+01	-9.997015e-01	2.443218e-02
1.286816e+01	-9.997807e-01	2.094242e-02
1.286836e+01	-9.998477e-01	1.745241e-02
1.286863e+01	-9.999025e-01	1.396218e-02
1.286885e+01	-9.999452e-01	1.047178e-02
1.286906e+01	-9.999756e-01	6.981260e-03
1.287002e+01	-9.999939e-01	3.490651e-03
1.288383e+01	-1.000000e+00	5.964922e-13
1.288406e+01	-9.999939e-01	-3.490651e-03
1.288424e+01	-9.999756e-01	-6.981260e-03
1.288443e+01	-9.999452e-01	-1.047178e-02
1.288466e+01	-9.999025e-01	-1.396218e-02
1.288485e+01	-9.998477e-01	-1.745241e-02
1.288501e+01	-9.997807e-01	-2.094242e-02
1.288594e+01	-9.997015e-01	-2.443218e-02
1.289988e+01	-9.996101e-01	-2.792164e-02
1.290003e+01	-9.995066e-01	-3.141076e-02
1.290019e+01	-9.993908e-01	-3.489950e-02
1.290035e+01	-9.992629e-01	-3.838781e-02
1.290051e+01	-9.991228e-01	-4.187565e-02
1.290073e+01	-9.989706e-01	-4.536299e-02
1.290092e+01	-9.988061e-01	-4.884977e-02
1.290197e+01	-9.986295e-01	-5.233596e-02
1.291513e+01	-9.984408e-01	-5.582150e-02
1.291533e+01	-9.982398e-01	-5.930637e-02
1.291552e+01	-9.980267e-01	-6.279052e-02
1.291571e+01	-9.978015e-01	-6.627390e-02
1.291589e+01	-9.975641e-01	-6.975647e-02
1.291608e+01	-9.973145e-01	-7.323820e-02
1.291624e+01	-9.970528e-01	-7.671903e-02
1.293094e+01	-9.967789e-01	-8.019892e-02
1.293128e+01	-9.964929e-01	-8.367784e-02
1.293155e+01	-9.961947e-01	-8.715574e-02
1.293182e+01	-9.958844e-01	-9.063258e-02
1.293207e+01	-9.955620e-01	-9.410831e-02
1.293233e+01	-9.952274e-01	-9.758290e-02
1.293256e+01	-9.948807e-01	-1.010563e-01
1.293278e+01	-9.945219e-01	-1.045285e-01
1.294661e+01	-9.941510e-01	-1.079994e-01
1.294695e+01	-9.937679e-01	-1.114689e-01
1.294724e+01	-9.933728e-01	-1.149372e-01
1.294738e+01	-9.929655e-01	-1.184040e-01
1.294753e+01	-9.925462e-01	-1.218693e-01
1.294767e+01	-9.921147e-01	-1.253332e-01
1.294781e+01	-9.916712e-01	-1.287956e-01
1.294794e+01	-9.912155e-01	-1.322564e-01
1.296181e+01	-9.907478e-01	-1.357156e-01
1.296222e+01	-9.902681e-01	-1.391731e-01
1.296266e+01	-9.897762e-01	-1.426289e-01
1.296307e+01	-9.892723e-01	-1.460830e-01
1.296347e+01	-9.887564e-01	-1.495353e-01
1.296386e+01	-9.882284e-01	-1.529858e-01
1.296422e+01	-9.876883e-01	-1.564345e-01
1.296460e+01	-9.871363e-01	-1.598812e-01
1.297713e+01	-9.865722e-01	-1.633260e-01
1.297753e+01	-9.859960e-01	-1.667687e-01
1.297794e+01	-9.854079e-01	-1.702095e-01
1.297836e+01	-9.848078e-01	-1.736482e-01
1.297889e+01	-9.841956e-01	-1.770847e-01
1.297933e+01	-9.835715e-01	-1.805191e-01
1.297976e+01	-9.829353e-01	-1.839514e-01
1.298019e+01	-9.822873e-01	-1.873813e-01
1.299286e+01	-9.816272e-01	-1.908090e-01
1.299325e+01	-9.809552e-01	-1.942344e-01
1.299367e+01	-9.802712e-01	-1.976573e-01
1.299408e+01	-9.795752e-01	-2.010779e-01
1.299451e+01	-9.788674e-01	-2.044961e-01
1.299491e+01	-9.781476e-01	-2.079117e-01
1.299528e+01	-9.774159e-01	-2.113248e-01
1.299613e+01	-9.766723e-01	-2.147353e-01
1.300864e+01	-9.759168e-01	-2.181432e-01
1.300900e+01	-9.751494e-01	-2.215485e-01
1.300937e+01	-9.743701e-01	-2.249511e-01
1.300973e+01	-9.735789e-01	-2.283509e-01
1.301009e+01	-9.727759e-01	-2.317479e-01
1.301040e+01	-9.719610e-01	-2.351421e-01
1.301068e+01	-9.711343e-01	-2.385335e-01
1.302402e+01	-9.702957e-01	-2.419219e-01
1.302438e+01	-9.694453e-01	-2.453074e-01
1.302476e+01	-9.685832e-01	-2.486899e-01
1.302515e+01	-9.677092e-01	-2.520694e-01
1.302549e+01	-9.668234e-01	-2.554458e-01
1.302582e+01	-9.659258e-01	-2.588190e-01
1.302612e+01	-9.650165e-01	-2.621892e-01
1.302639e+01	-9.640954e-01	-2.655561e-01
1.304035e+01	-9.631626e-01	-2.689198e-01
1.304059e+01	-9.622180e-01	-2.722802e-01
1.304083e+01	-9.612617e-01	-2.756374e-01
1.304108e+01	-9.602937e-01	-2.789911e-01
1.304133e+01	-9.593140e-01	-2.823415e-01
1.304158e+01	-9.583226e-01	-2.856884e-01
1.304182e+01	-9.573195e-01	-2.890318e-01
1.304207e+01	-9.563048e-01	-2.923717e-01
1.305584e+01	-9.552784e-01	-2.957081e-01
1.305614e+01	-9.542403e-01	-2.990408e-01
1.305640e+01	-9.531907e-01	-3.023699e-01
1.305675e+01	-9.521294e-01	-3.056953e-01
1.305702e+01	-9.510565e-01	-3.090170e-01
1.305730e+01	-9.499721e-01	-3.123349e-01
1.305759e+01	-9.488760e-01	-3.156490e-01
1.305810e+01	-9.477684e-01	-3.189593e-01
1.307177e+01	-9.466493e-01	-3.222657e-01
1.307203e+01	-9.455186e-01	-3.255682e-01
1.307230e+01	-9.443764e-01	-3.288666e-01
1.307257e+01	-9.432227e-01	-3.321611e-01
1.307286e+01	-9.420575e-01	-3.354516e-01
1.307314e+01	-9.408808e-01	-3.387379e-01
1.307351e+01	-9.396926e-01	-3.420201e-01
1.307410e+01	-9.384930e-01	-3.452982e-01
1.308764e+01	-9.372820e-01	-3.485720e-01
1.308789e+01	-9.360595e-01	-3.518416e-01
1.308815e+01	-9.348257e-01	-3.551070e-01
1.308843e+01	-9.335804e-01	-3.583679e-01
1.308871e+01	-9.323238e-01	-3.616246e-01
1.308900e+01	-9.310558e-01	-3.648768e-01
1.308928e+01	-9.297765e-01	-3.681246e-01
1.309003e+01	-9.284858e-01	-3.713678e-01
1.310320e+01	-9.271839e-01	-3.746066e-01
1.310344e+01	-9.258706e-01	-3.778408e-01
1.310368e+01	-9.245460e-01	-3.810704e-01
1.310398e+01	-9.232102e-01	-3.842953e-01
1.310423e+01	-9.218632e-01	-3.875156e-01
1.310448e+01	-9.205049e-01	-3.907311e-01
1.310483e+01	-9.191353e-01	-3.939419e-01
1.310608e+01	-9.177546e-01	-3.971479e-01
1.311846e+01	-9.163627e-01	-4.003490e-01
1.311870e+01	-9.149597e-01	-4.035453e-01
1.311895e+01	-9.135455e-01	-4.067366e-01
1.311920e+01	-9.121201e-01	-4.099230e-01
1.311946e+01	-9.106837e-01	-4.131044e-01
1.311979e+01	-9.092361e-01	-4.162808e-01
1.312007e+01	-9.077775e-01	-4.194521e-01
1.313424e+01	-9.063078e-01	-4.226183e-01
1.313447e+01	-9.048271e-01	-4.257793e-01
1.313469e+01	-9.033353e-01	-4.289351e-01
1.313490e+01	-9.018325e-01	-4.320857e-01
1.313511e+01	-9.003188e-01	-4.352311e-01
1.313531e+01	-8.987940e-01	-4.383711e-01
1.313552e+01	-8.972584e-01	-4.415059e-01
1.313609e+01	-8.957118e-01	-4.446352e-01
1.314996e+01	-8.941542e-01	-4.477591e-01
1.315028e+01	-8.925858e-01	-4.508775e-01
1.315061e+01	-8.910065e-01	-4.539905e-01
1.315087e+01	-8.894164e-01	-4.570979e-01
1.315112e+01	-8.878154e-01	-4.601998e-01
1.315134e+01	-8.862036e-01	-4.632960e-01
1.315156e+01	-8.845810e-01	-4.663866e-01
1.315201e+01	-8.829476e-01	-4.694716e-01
1.316545e+01	-8.813035e-01	-4.725508e-01
1.316578e+01	-8.796486e-01	-4.756242e-01
1.316614e+01	-8.779830e-01	-4.786919e-01
1.316645e+01	-8.763067e-01	-4.817537e-01
1.316670e+01	-8.746197e-01	-4.848096e-01
1.316695e+01	-8.729221e-01	-4.878597e-01
1.316723e+01	-8.712138e-01	-4.909038e-01
1.316801e+01	-8.694949e-01	-4.939419e-01
1.318110e+01	-8.677655e-01	-4.969740e-01
1.318157e+01	-8.660254e-01	-5.000000e-01
1.318190e+01	-8.642748e-01	-5.030199e-01
1.318222e+01	-8.625137e-01	-5.060338e-01
1.318251e+01	-8.607420e-01	-5.090414e-01
1.318279e+01	-8.589599e-01	-5.120429e-01
1.318305e+01	-8.571673e-01	-5.150381e-01
1.318402e+01	-8.553643e-01	-5.180270e-01
1.319617e+01	-8.535508e-01	-5.210096e-01
1.319654e+01	-8.517269e-01	-5.239859e-01
1.319692e+01	-8.498927e-01	-5.269558e-01
1.319732e+01	-8.480481e-01	-5.299193e-01
1.319765e+01	-8.461932e-01	-5.328763e-01
1.319800e+01	-8.443279e-01	-5.358268e-01
1.319831e+01	-8.424524e-01	-5.387708e-01
1.321165e+01	-8.405666e-01	-5.417082e-01
1.321196e+01	-8.386706e-01	-5.446390e-01
1.321260e+01	-8.367643e-01	-5.475632e-01
1.321301e+01	-8.348479e-01	-5.504807e-01
1.321336e+01	-8.329212e-01	-5.533915e-01
1.321367e+01	-8.309845e-01	-5.562956e-01
1.321396e+01	-8.290376e-01	-5.591929e-01
1.321425e+01	-8.270806e-01	-5.620834e-01
1.322750e+01	-8.251135e-01	-5.649670e-01
1.322788e+01	-8.231364e-01	-5.678437e-01
1.322830e+01	-8.211492e-01	-5.707136e-01
1.322870e+01	-8.191520e-01	-5.735764e-01
1.322911e+01	-8.171449e-01	-5.764323e-01
1.322950e+01	-8.151278e-01	-5.792812e-01
1.322984e+01	-8.131008e-01	-5.821230e-01
1.323017e+01	-8.110638e-01	-5.849577e-01
1.324268e+01	-8.090170e-01	-5.877853e-01
1.324311e+01	-8.069603e-01	-5.906057e-01
1.324343e+01	-8.048938e-01	-5.934189e-01
1.324372e+01	-8.028175e-01	-5.962249e-01
1.324402e+01	-8.007314e-01	-5.990236e-01
1.324433e+01	-7.986355e-01	-6.018150e-01
1.324464e+01	-7.965299e-01	-6.045991e-01
1.325740e+01	-7.944146e-01	-6.073758e-01
1.325768e+01	-7.922896e-01	-6.101452e-01
1.325797e+01	-7.901550e-01	-6.129071e-01
1.325828e+01	-7.880108e-01	-6.156615e-01
1.325856e+01	-7.858569e-01	-6.184084e-01
1.325885e+01	-7.836935e-01	-6.211478e-01
1.325914e+01	-7.815205e-01	-6.238796e-01
1.326013e+01	-7.793380e-01	-6.266038e-01
1.327258e+01	-7.771460e-01	-6.293204e-01
1.327288e+01	-7.749445e-01	-6.320293e-01
1.327318e+01	-7.727336e-01	-6.347305e-01
1.327349e+01	-7.705132e-01	-6.374240e-01
1.327380e+01	-7.682835e-01	-6.401097e-01
1.327411e+01	-7.660444e-01	-6.427876e-01
1.327440e+01	-7.637960e-01	-6.454577e-01
1.328792e+01	-7.615383e-01	-6.481199e-01
1.328820e+01	-7.592713e-01	-6.507742e-01
1.328849e+01	-7.569951e-01	-6.534206e-01
1.328879e+01	-7.547096e-01	-6.560590e-01
1.328908e+01	-7.524149e-01	-6.586895e-01
1.328935e+01	-7.501111e-01	-6.613119e-01
1.328960e+01	-7.477981e-01	-6.639262e-01
1.329005e+01	-7.454760e-01	-6.665325e-01
1.330317e+01	-7.431448e-01	-6.691306e-01
1.330337e+01	-7.408046e-01	-6.717206e-01
1.330358e+01	-7.384553e-01	-6.743024e-01
1.330378e+01	-7.360971e-01	-6.768760e-01
1.330398e+01	-7.337299e-01	-6.794413e-01
1.330417e+01	-7.313537e-01	-6.819984e-01
1.330436e+01	-7.289686e-01	-6.845471e-01
1.331814e+01	-7.265747e-01	-6.870875e-01
1.331832e+01	-7.241719e-01	-6.896195e-01
1.331850e+01	-7.217602e-01	-6.921432e-01
1.331868e+01	-7.193398e-01	-6.946584e-01
1.331886e+01	-7.169106e-01	-6.971651e-01
1.331905e+01	-7.144727e-01	-6.996633e-01
1.331925e+01	-7.120260e-01	-7.021531e-01
1.332005e+01	-7.095707e-01	-7.046342e-01
1.333339e+01	-7.071068e-01	-7.071068e-01
1.333360e+01	-7.046342e-01	-7.095707e-01
1.333381e+01	-7.021531e-01	-7.120260e-01
1.333403e+01	-6.996633e-01	-7.144727e-01
1.333421e+01	-6.971651e-01	-7.169106e-01
1.333438e+01	-6.946584e-01	-7.193398e-01
1.333455e+01	-6.921432e-01	-7.217602e-01
1.334898e+01	-6.896195e-01	-7.241719e-01
1.334929e+01	-6.870875e-01	-7.265747e-01
1.334966e+01	-6.845471e-01	-7.289686e-01
1.334997e+01	-6.819984e-01	-7.313537e-01
1.335023e+01	-6.794413e-01	-7.337299e-01
1.335046e+01	-6.768760e-01	-7.360971e-01
1.335069e+01	-6.743024e-01	-7.384553e-01
1.335089e+01	-6.717206e-01	-7.408046e-01
1.335201e+01	-6.691306e-01	-7.431448e-01
1.336447e+01	-6.665325e-01	-7.454760e-01
1.336473e+01	-6.639262e-01	-7.477981e-01
1.336498e+01	-6.613119e-01	-7.501111e-01
1.336523e+01	-6.586895e-01	-7.524149e-01
1.336547e+01	-6.560590e-01	-7.547096e-01
1.336572e+01	-6.534206e-01	-7.569951e-01
1.336603e+01	-6.507742e-01	-7.592713e-01
1.338069e+01	-6.481199e-01	-7.615383e-01
1.338123e+01	-6.454577e-01	-7.637960e-01
1.338161e+01	-6.427876e-01	-7.660444e-01
1.338198e+01	-6.401097e-01	-7.682835e-01
1.338229e+01	-6.374240e-01	-7.705132e-01
1.338257e+01	-6.347305e-01	-7.727336e-01
1.338286e+01	-6.320293e-01	-7.749445e-01
1.338311e+01	-6.293204e-01	-7.771460e-01
1.338403e+01	-6.266038e-01	-7.793380e-01
1.339642e+01	-6.238796e-01	-7.815205e-01
1.339677e+01	-6.211478e-01	-7.836935e-01
1.339711e+01	-6.184084e-01	-7.858569e-01
1.339757e+01	-6.156615e-01	-7.880108e-01
1.339790e+01	-6.129071e-01	-7.901550e-01
1.339823e+01	-6.101452e-01	-7.922896e-01
1.339853e+01	-6.073758e-01	-7.944146e-01
1.341206e+01	-6.045991e-01	-7.965299e-01
1.341246e+01	-6.018150e-01	-7.986355e-01
1.341284e+01	-5.990236e-01	-8.007314e-01
1.341318e+01	-5.962249e-01	-8.028175e-01
1.341363e+01	-5.934189e-01	-8.048938e-01
1.341399e+01	-5.906057e-01	-8.069603e-01
1.341427e+01	-5.877853e-01	-8.090170e-01
1.341452e+01	-5.849577e-01	-8.110638e-01
1.342737e+01	-5.821230e-01	-8.131008e-01
1.342768e+01	-5.792812e-01	-8.151278e-01
1.342815e+01	-5.764323e-01	-8.171449e-01
1.342858e+01	-5.735764e-01	-8.191520e-01
1.342898e+01	-5.707136e-01	-8.211492e-01
1.342933e+01	-5.678437e-01	-8.231364e-01
1.342968e+01	-5.649670e-01	-8.251135e-01
1.343011e+01	-5.620834e-01	-8.270806e-01
1.344307e+01	-5.591929e-01	-8.290376e-01
1.344341e+01	-5.562956e-01	-8.309845e-01
1.344377e+01	-5.533915e-01	-8.329212e-01
1.344412e+01	-5.504807e-01	-8.348479e-01
1.344449e+01	-5.475632e-01	-8.367643e-01
1.344487e+01	-5.446390e-01	-8.386706e-01
1.344518e+01	-5.417082e-01	-8.405666e-01
1.344607e+01	-5.387708e-01	-8.424524e-01
1.345815e+01	-5.358268e-01	-8.443279e-01
1.345839e+01	-5.328763e-01	-8.461932e-01
1.345865e+01	-5.299193e-01	-8.480481e-01
1.345889e+01	-5.269558e-01	-8.498927e-01
1.345916e+01	-5.239859e-01	-8.517269e-01
1.345942e+01	-5.210096e-01	-8.535508e-01
1.346008e+01	-5.180270e-01	-8.553643e-01
1.347364e+01	-5.150381e-01	-8.571673e-01
1.347392e+01	-5.120429e-01	-8.589599e-01
1.347419e+01	-5.090414e-01	-8.607420e-01
1.347447e+01	-5.060338e-01	-8.625137e-01
1.347475e+01	-5.030199e-01	-8.642748e-01
1.347503e+01	-5.000000e-01	-8.660254e-01
1.347527e+01	-4.969740e-01	-8.677655e-01
1.347603e+01	-4.939419e-01	-8.694949e-01
1.348904e+01	-4.909038e-01	-8.712138e-01
1.348926e+01	-4.878597e-01	-8.729221e-01
1.348947e+01	-4.848096e-01	-8.746197e-01
1.348969e+01	-4.817537e-01	-8.763067e-01
1.348991e+01	-4.786919e-01	-8.779830e-01
1.349011e+01	-4.756242e-01	-8.796486e-01
1.349031e+01	-4.725508e-01	-8.813035e-01
1.350419e+01	-4.694716e-01	-8.829476e-01
1.350434e+01	-4.663866e-01	-8.845810e-01
1.350449e+01	-4.632960e-01	-8.862036e-01
1.350465e+01	-4.601998e-01	-8.878154e-01
1.350480e+01	-4.570979e-01	-8.894164e-01
1.350495e+01	-4.539905e-01	-8.910065e-01
1.350512e+01	-4.508775e-01	-8.925858e-01
1.350601e+01	-4.477591e-01	-8.941542e-01
1.352006e+01	-4.446352e-01	-8.957118e-01
1.352023e+01	-4.415059e-01	-8.972584e-01
1.352040e+01	-4.383711e-01	-8.987940e-01
1.352057e+01	-4.352311e-01	-9.003188e-01
1.352074e+01	-4.320857e-01	-9.018325e-01
1.352092e+01	-4.289351e-01	-9.033353e-01
1.352108e+01	-4.257793e-01	-9.048271e-01
1.352195e+01	-4.226183e-01	-9.063078e-01
1.353615e+01	-4.194521e-01	-9.077775e-01
1.353634e+01	-4.162808e-01	-9.092361e-01
1.353653e+01	-4.131044e-01	-9.106837e-01
1.353672e+01	-4.099230e-01	-9.121201e-01
1.353693e+01	-4.067366e-01	-9.135455e-01
1.353712e+01	-4.035453e-01	-9.149597e-01
1.353729e+01	-4.003490e-01	-9.163627e-01
1.353799e+01	-3.971479e-01	-9.177546e-01
1.355109e+01	-3.939419e-01	-9.191353e-01
1.355127e+01	-3.907311e-01	-9.205049e-01
1.355144e+01	-3.875156e-01	-9.218632e-01
1.355160e+01	-3.842953e-01	-9.232102e-01
1.355176e+01	-3.810704e-01	-9.245460e-01
1.355192e+01	-3.778408e-01	-9.258706e-01
1.355208e+01	-3.746066e-01	-9.271839e-01
1.356669e+01	-3.713678e-01	-9.284858e-01
1.356690e+01	-3.681246e-01	-9.297765e-01
1.356710e+01	-3.648768e-01	-9.310558e-01
1.356729e+01	-3.616246e-01	-9.323238e-01
1.356749e+01	-3.583679e-01	-9.335804e-01
1.356767e+01	-3.551070e-01	-9.348257e-01
1.356785e+01	-3.518416e-01	-9.360595e-01
1.356802e+01	-3.485720e-01	-9.372820e-01
1.358260e+01	-3.452982e-01	-9.384930e-01
1.358281e+01	-3.420201e-01	-9.396926e-01
1.358301e+01	-3.387379e-01	-9.408808e-01
1.358321e+01	-3.354516e-01	-9.420575e-01
1.358340e+01	-3.321611e-01	-9.432227e-01
1.358363e+01	-3.288666e-01	-9.443764e-01
1.358382e+01	-3.255682e-01	-9.455186e-01
1.358400e+01	-3.222657e-01	-9.466493e-01
1.359865e+01	-3.189593e-01	-9.477684e-01
1.359896e+01	-3.156490e-01	-9.488760e-01
1.359925e+01	-3.123349e-01	-9.499721e-01
1.359953e+01	-3.090170e-01	-9.510565e-01
1.359981e+01	-3.056953e-01	-9.521294e-01
1.360009e+01	-3.023699e-01	-9.531907e-01
1.360032e+01	-2.990408e-01	-9.542403e-01
1.360055e+01	-2.957081e-01	-9.552784e-01
1.361412e+01	-2.923717e-01	-9.563048e-01
1.361461e+01	-2.890318e-01	-9.573195e-01
1.361502e+01	-2.856884e-01	-9.583226e-01
1.361537e+01	-2.823415e-01	-9.593140e-01
1.361570e+01	-2.789911e-01	-9.602937e-01
1.361602e+01	-2.756374e-01	-9.612617e-01
1.361630e+01	-2.722802e-01	-9.622180e-01
1.361656e+01	-2.689198e-01	-9.631626e-01
1.362928e+01	-2.655561e-01	-9.640954e-01
1.362975e+01	-2.621892e-01	-9.650165e-01
1.363022e+01	-2.588190e-01	-9.659258e-01
1.363072e+01	-2.554458e-01	-9.668234e-01
1.363123e+01	-2.520694e-01	-9.677092e-01
1.363159e+01	-2.486899e-01	-9.685832e-01
1.363193e+01	-2.453074e-01	-9.694453e-01
1.363226e+01	-2.419219e-01	-9.702957e-01
1.364507e+01	-2.385335e-01	-9.711343e-01
1.364555e+01	-2.351421e-01	-9.719610e-01
1.364605e+01	-2.317479e-01	-9.727759e-01
1.364648e+01	-2.283509e-01	-9.735789e-01
1.364690e+01	-2.249511e-01	-9.743701e-01
1.364728e+01	-2.215485e-01	-9.751494e-01
1.364762e+01	-2.181432e-01	-9.759168e-01
1.364811e+01	-2.147353e-01	-9.766723e-01
1.366024e+01	-2.113248e-01	-9.774159e-01
1.366063e+01	-2.079117e-01	-9.781476e-01
1.366105e+01	-2.044961e-01	-9.788674e-01
1.366142e+01	-2.010779e-01	-9.795752e-01
1.366176e+01	-1.976573e-01	-9.802712e-01
1.366208e+01	-1.942344e-01	-9.809552e-01
1.366238e+01	-1.908090e-01	-9.816272e-01
1.367585e+01	-1.873813e-01	-9.822873e-01
1.367614e+01	-1.839514e-01	-9.829353e-01
1.367645e+01	-1.805191e-01	-9.835715e-01
1.367675e+01	-1.770847e-01	-9.841956e-01
1.367702e+01	-1.736482e-01	-9.848078e-01
1.367727e+01	-1.702095e-01	-9.854079e-01
1.367751e+01	-1.667687e-01	-9.859960e-01
1.367800e+01	-1.633260e-01	-9.865722e-01
1.369119e+01	-1.598812e-01	-9.871363e-01
1.369145e+01	-1.564345e-01	-9.876883e-01
1.369171e+01	-1.529858e-01	-9.882284e-01
1.369198e+01	-1.495353e-01	-9.887564e-01
1.369225e+01	-1.460830e-01	-9.892723e-01
1.369251e+01	-1.426289e-01	-9.897762e-01
1.369281e+01	-1.391731e-01	-9.902681e-01
1.369409e+01	-1.357156e-01	-9.907478e-01
1.370693e+01	-1.322564e-01	-9.912155e-01
1.370737e+01	-1.287956e-01	-9.916712e-01
1.370770e+01	-1.253332e-01	-9.921147e-01
1.370797e+01	-1.218693e-01	-9.925462e-01
1.370824e+01	-1.184040e-01	-9.929655e-01
1.370851e+01	-1.149372e-01	-9.933728e-01
1.370879e+01	-1.114689e-01	-9.937679e-01
1.372212e+01	-1.079994e-01	-9.941510e-01
1.372237e+01	-1.045285e-01	-9.945219e-01
1.372262e+01	-1.010563e-01	-9.948807e-01
1.372288e+01	-9.758290e-02	-9.952274e-01
1.372313e+01	-9.410831e-02	-9.955620e-01
1.372336e+01	-9.063258e-02	-9.958844e-01
1.372358e+01	-8.715574e-02	-9.961947e-01
1.372402e+01	-8.367784e-02	-9.964929e-01
1.373746e+01	-8.019892e-02	-9.967789e-01
1.373766e+01	-7.671903e-02	-9.970528e-01
1.373787e+01	-7.323820e-02	-9.973145e-01
1.373808e+01	-6.975647e-02	-9.975641e-01
1.373828e+01	-6.627390e-02	-9.978015e-01
1.373849e+01	-6.279052e-02	-9.980267e-01
1.373870e+01	-5.930637e-02	-9.982398e-01
1.375332e+01	-5.582150e-02	-9.984408e-01
1.375350e+01	-5.233596e-02	-9.986295e-01
1.375367e+01	-4.884977e-02	-9.988061e-01
1.375385e+01	-4.536299e-02	-9.989706e-01
1.375403e+01	-4.187565e-02	-9.991228e-01
1.375422e+01	-3.838781e-02	-9.992629e-01
1.375441e+01	-3.489950e-02	-9.993908e-01
1.375460e+01	-3.141076e-02	-9.995066e-01
1.376875e+01	-2.792164e-02	-9.996101e-01
1.376894e+01	-2.443218e-02	-9.997015e-01
1.376912e+01	-2.094242e-02	-9.997807e-01
1.376931e+01	-1.745241e-02	-9.998477e-01
1.376951e+01	-1.396218e-02	-9.999025e-01
1.376971e+01	-1.047178e-02	-9.999452e-01
1.376991e+01	-6.981260e-03	-9.999756e-01
1.377010e+01	-3.490651e-03	-9.999939e-01
1.378419e+01	-6.940145e-13	-1.000000e+00
1.378439e+01	3.490651e-03	-9.999939e-01
1.378457e+01	6.981260e-03	-9.999756e-01
1.378476e+01	1.047178e-02	-9.999452e-01
1.378495e+01	1.396218e-02	-9.999025e-01
1.378512e+01	1.745241e-02	-9.998477e-01
1.378529e+01	2.094242e-02	-9.997807e-01
1.378595e+01	2.443218e-02	-9.997015e-01
1.380014e+01	2.792164e-02	-9.996101e-01
1.380035e+01	3.141076e-02	-9.995066e-01
1.380054e+01	3.489950e-02	-9.993908e-01
1.380072e+01	3.838781e-02	-9.992629e-01
1.380090e+01	4.187565e-02	-9.991228e-01
1.380108e+01	4.536299e-02	-9.989706e-01
1.380126e+01	4.884977e-02	-9.988061e-01
1.380197e+01	5.233596e-02	-9.986295e-01
1.381591e+01	5.582150e-02	-9.984408e-01
1.381613e+01	5.930637e-02	-9.982398e-01
1.381630e+01	6.279052e-02	-9.980267e-01
1.381647e+01	6.627390e-02	-9.978015e-01
1.381663e+01	6.975647e-02	-9.975641e-01
1.381679e+01	7.323820e-02	-9.973145e-01
1.381695e+01	7.671903e-02	-9.970528e-01
1.381792e+01	8.019892e-02	-9.967789e-01
1.383110e+01	8.367784e-02	-9.964929e-01
1.383131e+01	8.715574e-02	-9.961947e-01
1.383151e+01	9.063258e-02	-9.958844e-01
1.383170e+01	9.410831e-02	-9.955620e-01
1.383188e+01	9.758290e-02	-9.952274e-01
1.383208e+01	1.010563e-01	-9.948807e-01
1.383224e+01	1.045285e-01	-9.945219e-01
1.384636e+01	1.079994e-01	-9.941510e-01
1.384665e+01	1.114689e-01	-9.937679e-01
1.384694e+01	1.149372e-01	-9.933728e-01
1.384739e+01	1.184040e-01	-9.929655e-01
1.384769e+01	1.218693e-01	-9.925462e-01
1.384796e+01	1.253332e-01	-9.921147e-01
1.384822e+01	1.287956e-01	-9.916712e-01
1.384845e+01	1.322564e-01	-9.912155e-01
1.386186e+01	1.357156e-01	-9.907478e-01
1.386213e+01	1.391731e-01	-9.902681e-01
1.386243e+01	1.426289e-01	-9.897762e-01
1.386313e+01	1.460830e-01	-9.892723e-01
1.386341e+01	1.495353e-01	-9.887564e-01
1.386377e+01	1.529858e-01	-9.882284e-01
1.386405e+01	1.564345e-01	-9.876883e-01
1.386430e+01	1.598812e-01	-9.871363e-01
1.387725e+01	1.633260e-01	-9.865722e-01
1.387747e+01	1.667687e-01	-9.859960e-01
1.387768e+01	1.702095e-01	-9.854079e-01
1.387789e+01	1.736482e-01	-9.848078e-01
1.387810e+01	1.770847e-01	-9.841956e-01
1.387830e+01	1.805191e-01	-9.835715e-01
1.387852e+01	1.839514e-01	-9.829353e-01
1.389321e+01	1.873813e-01	-9.822873e-01
1.389353e+01	1.908090e-01	-9.816272e-01
1.389385e+01	1.942344e-01	-9.809552e-01
1.389418e+01	1.976573e-01	-9.802712e-01
1.389452e+01	2.010779e-01	-9.795752e-01
1.389494e+01	2.044961e-01	-9.788674e-01
1.389529e+01	2.079117e-01	-9.781476e-01
1.389563e+01	2.113248e-01	-9.774159e-01
1.389620e+01	2.147353e-01	-9.766723e-01
1.390886e+01	2.181432e-01	-9.759168e-01
1.390915e+01	2.215485e-01	-9.751494e-01
1.390946e+01	2.249511e-01	-9.743701e-01
1.390977e+01	2.283509e-01	-9.735789e-01
1.391007e+01	2.317479e-01	-9.727759e-01
1.391039e+01	2.351421e-01	-9.719610e-01
1.391070e+01	2.385335e-01	-9.711343e-01
1.392410e+01	2.419219e-01	-9.702957e-01
1.392443e+01	2.453074e-01	-9.694453e-01
1.392477e+01	2.486899e-01	-9.685832e-01
1.392511e+01	2.520694e-01	-9.677092e-01
1.392544e+01	2.554458e-01	-9.668234e-01
1.392579e+01	2.588190e-01	-9.659258e-01
1.392615e+01	2.621892e-01	-9.650165e-01
1.392647e+01	2.655561e-01	-9.640954e-01
1.394042e+01	2.689198e-01	-9.631626e-01
1.394079e+01	2.722802e-01	-9.622180e-01
1.394118e+01	2.756374e-01	-9.612617e-01
1.394156e+01	2.789911e-01	-9.602937e-01
1.394194e+01	2.823415e-01	-9.593140e-01
1.394230e+01	2.856884e-01	-9.583226e-01
1.394267e+01	2.890318e-01	-9.573195e-01
1.394302e+01	2.923717e-01	-9.563048e-01
1.394408e+01	2.957081e-01	-9.552784e-01
1.395601e+01	2.990408e-01	-9.542403e-01
1.395621e+01	3.023699e-01	-9.531907e-01
1.395640e+01	3.056953e-01	-9.521294e-01
1.395660e+01	3.090170e-01	-9.510565e-01
1.395681e+01	3.123349e-01	-9.499721e-01
1.395701e+01	3.156490e-01	-9.488760e-01
1.395805e+01	3.189593e-01	-9.477684e-01
1.397170e+01	3.222657e-01	-9.466493e-01
1.397193e+01	3.255682e-01	-9.455186e-01
1.397215e+01	3.288666e-01	-9.443764e-01
1.397237e+01	3.321611e-01	-9.432227e-01
1.397259e+01	3.354516e-01	-9.420575e-01
1.397281e+01	3.387379e-01	-9.408808e-01
1.397304e+01	3.420201e-01	-9.396926e-01
1.397407e+01	3.452982e-01	-9.384930e-01
1.398779e+01	3.485720e-01	-9.372820e-01
1.398809e+01	3.518416e-01	-9.360595e-01
1.398841e+01	3.551070e-01	-9.348257e-01
1.398872e+01	3.583679e-01	-9.335804e-01
1.398903e+01	3.616246e-01	-9.323238e-01
1.398936e+01	3.648768e-01	-9.310558e-01
1.398967e+01	3.681246e-01	-9.297765e-01
1.399013e+01	3.713678e-01	-9.284858e-01
1.400320e+01	3.746066e-01	-9.271839e-01
1.400336e+01	3.778408e-01	-9.258706e-01
1.400352e+01	3.810704e-01	-9.245460e-01
1.400369e+01	3.842953e-01	-9.232102e-01
1.400385e+01	3.875156e-01	-9.218632e-01
1.400404e+01	3.907311e-01	-9.205049e-01
1.400419e+01	3.939419e-01	-9.191353e-01
1.401840e+01	3.971479e-01	-9.177546e-01
1.401858e+01	4.003490e-01	-9.163627e-01
1.401875e+01	4.035453e-01	-9.149597e-01
1.401892e+01	4.067366e-01	-9.135455e-01
1.401909e+01	4.099230e-01	-9.121201e-01
1.401927e+01	4.131044e-01	-9.106837e-01
1.401944e+01	4.162808e-01	-9.092361e-01
1.401998e+01	4.194521e-01	-9.077775e-01
1.403387e+01	4.226183e-01	-9.063078e-01
1.403419e+01	4.257793e-01	-9.048271e-01
1.403449e+01	4.289351e-01	-9.033353e-01
1.403479e+01	4.320857e-01	-9.018325e-01
1.403508e+01	4.352311e-01	-9.003188e-01
1.403536e+01	4.383711e-01	-8.987940e-01
1.403561e+01	4.415059e-01	-8.972584e-01
1.403604e+01	4.446352e-01	-8.957118e-01
1.404976e+01	4.477591e-01	-8.941542e-01
1.404991e+01	4.508775e-01	-8.925858e-01
1.405004e+01	4.539905e-01	-8.910065e-01
1.405016e+01	4.570979e-01	-8.894164e-01
1.405029e+01	4.601998e-01	-8.878154e-01
1.405042e+01	4.632960e-01	-8.862036e-01
1.405055e+01	4.663866e-01	-8.845810e-01
1.406548e+01	4.694716e-01	-8.829476e-01
1.406570e+01	4.725508e-01	-8.813035e-01
1.406591e+01	4.756242e-01	-8.796486e-01
1.406614e+01	4.786919e-01	-8.779830e-01
1.406634e+01	4.817537e-01	-8.763067e-01
1.406654e+01	4.848096e-01	-8.746197e-01
1.406675e+01	4.878597e-01	-8.729221e-01
1.406693e+01	4.909038e-01	-8.712138e-01
1.406804e+01	4.939419e-01	-8.694949e-01
1.408085e+01	4.969740e-01	-8.677655e-01
1.408117e+01	5.000000e-01	-8.660254e-01
1.408147e+01	5.030199e-01	-8.642748e-01
1.408175e+01	5.060338e-01	-8.625137e-01
1.408203e+01	5.090414e-01	-8.607420e-01
1.408228e+01	5.120429e-01	-8.589599e-01
1.408251e+01	5.150381e-01	-8.571673e-01
1.409688e+01	5.180270e-01	-8.553643e-01
1.409730e+01	5.210096e-01	-8.535508e-01
1.409771e+01	5.239859e-01	-8.517269e-01
1.409817e+01	5.269558e-01	-8.498927e-01
1.409853e+01	5.299193e-01	-8.480481e-01
1.409888e+01	5.328763e-01	-8.461932e-01
1.409920e+01	5.358268e-01	-8.443279e-01
1.409947e+01	5.387708e-01	-8.424524e-01
1.410007e+01	5.417082e-01	-8.405666e-01
1.411176e+01	5.446390e-01	-8.386706e-01
1.411214e+01	5.475632e-01	-8.367643e-01
1.411254e+01	5.504807e-01	-8.348479e-01
1.411293e+01	5.533915e-01	-8.329212e-01
1.411331e+01	5.562956e-01	-8.309845e-01
1.411365e+01	5.591929e-01	-8.290376e-01
1.411413e+01	5.620834e-01	-8.270806e-01
1.412740e+01	5.649670e-01	-8.251135e-01
1.412773e+01	5.678437e-01	-8.231364e-01
1.412808e+01	5.707136e-01	-8.211492e-01
1.412841e+01	5.735764e-01	-8.191520e-01
1.412874e+01	5.764323e-01	-8.171449e-01
1.412903e+01	5.792812e-01	-8.151278e-01
1.412930e+01	5.821230e-01	-8.131008e-01
1.413005e+01	5.849577e-01	-8.110638e-01
1.414275e+01	5.877853e-01	-8.090170e-01
1.414301e+01	5.906057e-01	-8.069603e-01
1.414327e+01	5.934189e-01	-8.048938e-01
1.414354e+01	5.962249e-01	-8.028175e-01
1.414381e+01	5.990236e-01	-8.007314e-01
1.414410e+01	6.018150e-01	-7.986355e-01
1.414439e+01	6.045991e-01	-7.965299e-01
1.415827e+01	6.073758e-01	-7.944146e-01
1.415855e+01	6.101452e-01	-7.922896e-01
1.415883e+01	6.129071e-01	-7.901550e-01
1.415911e+01	6.156615e-01	-7.880108e-01
1.415937e+01	6.184084e-01	-7.858569e-01
1.415963e+01	6.211478e-01	-7.836935e-01
1.415988e+01	6.238796e-01	-7.815205e-01
1.416013e+01	6.266038e-01	-7.793380e-01
1.417364e+01	6.293204e-01	-7.771460e-01
1.417385e+01	6.320293e-01	-7.749445e-01
1.417405e+01	6.347305e-01	-7.727336e-01
1.417427e+01	6.374240e-01	-7.705132e-01
1.417448e+01	6.401097e-01	-7.682835e-01
1.417469e+01	6.427876e-01	-7.660444e-01
1.417490e+01	6.454577e-01	-7.637960e-01
1.417596e+01	6.481199e-01	-7.615383e-01
1.419019e+01	6.507742e-01	-7.592713e-01
1.419038e+01	6.534206e-01	-7.569951e-01
1.419063e+01	6.560590e-01	-7.547096e-01
1.419084e+01	6.586895e-01	-7.524149e-01
1.419103e+01	6.613119e-01	-7.501111e-01
1.419122e+01	6.639262e-01	-7.477981e-01
1.419141e+01	6.665325e-01	-7.454760e-01
1.419198e+01	6.691306e-01	-7.431448e-01
1.420579e+01	6.717206e-01	-7.408046e-01
1.420599e+01	6.743024e-01	-7.384553e-01
1.420614e+01	6.768760e-01	-7.360971e-01
1.420630e+01	6.794413e-01	-7.337299e-01
1.420645e+01	6.819984e-01	-7.313537e-01
1.420660e+01	6.845471e-01	-7.289686e-01
1.420674e+01	6.870875e-01	-7.265747e-01
1.422169e+01	6.896195e-01	-7.241719e-01
1.422182e+01	6.921432e-01	-7.217602e-01
1.422194e+01	6.946584e-01	-7.193398e-01
1.422206e+01	6.971651e-01	-7.169106e-01
1.422218e+01	6.996633e-01	-7.144727e-01
1.422230e+01	7.021531e-01	-7.120260e-01
1.422242e+01	7.046342e-01	-7.095707e-01
1.422255e+01	7.071068e-01	-7.071068e-01
1.423749e+01	7.095707e-01	-7.046342e-01
1.423767e+01	7.120260e-01	-7.021531e-01
1.423785e+01	7.144727e-01	-6.996633e-01
1.423803e+01	7.169106e-01	-6.971651e-01
1.423822e+01	7.193398e-01	-6.946584e-01
1.423842e+01	7.217602e-01	-6.921432e-01
1.423861e+01	7.241719e-01	-6.896195e-01
1.423881e+01	7.265747e-01	-6.870875e-01
1.423994e+01	7.289686e-01	-6.845471e-01
1.425291e+01	7.313537e-01	-6.819984e-01
1.425305e+01	7.337299e-01	-6.794413e-01
1.425320e+01	7.360971e-01	-6.768760e-01
1.425334e+01	7.384553e-01	-6.743024e-01
1.425348e+01	7.408046e-01	-6.717206e-01
1.425364e+01	7.431448e-01	-6.691306e-01
1.425396e+01	7.454760e-01	-6.665325e-01
1.426818e+01	7.477981e-01	-6.639262e-01
1.426835e+01	7.501111e-01	-6.613119e-01
1.426852e+01	7.524149e-01	-6.586895e-01
1.426868e+01	7.547096e-01	-6.560590e-01
1.426885e+01	7.569951e-01	-6.534206e-01
1.426902e+01	7.592713e-01	-6.507742e-01
1.426918e+01	7.615383e-01	-6.481199e-01
1.426994e+01	7.637960e-01	-6.454577e-01
1.428388e+01	7.660444e-01	-6.427876e-01
1.428405e+01	7.682835e-01	-6.401097e-01
1.428421e+01	7.705132e-01	-6.374240e-01
1.428437e+01	7.727336e-01	-6.347305e-01
1.428452e+01	7.749445e-01	-6.320293e-01
1.428468e+01	7.771460e-01	-6.293204e-01
1.428483e+01	7.793380e-01	-6.266038e-01
1.428596e+01	7.815205e-01	-6.238796e-01
1.430012e+01	7.836935e-01	-6.211478e-01
1.430036e+01	7.858569e-01	-6.184084e-01
1.430059e+01	7.880108e-01	-6.156615e-01
1.430082e+01	7.901550e-01	-6.129071e-01
1.430102e+01	7.922896e-01	-6.101452e-01
1.430120e+01	7.944146e-01	-6.073758e-01
1.430138e+01	7.965299e-01	-6.045991e-01
1.430196e+01	7.986355e-01	-6.018150e-01
1.431531e+01	8.007314e-01	-5.990236e-01
1.431553e+01	8.028175e-01	-5.962249e-01
1.431574e+01	8.048938e-01	-5.934189e-01
1.431596e+01	8.069603e-01	-5.906057e-01
1.431617e+01	8.090170e-01	-5.877853e-01
1.431636e+01	8.110638e-01	-5.849577e-01
1.431655e+01	8.131008e-01	-5.821230e-01
1.433018e+01	8.151278e-01	-5.792812e-01
1.433058e+01	8.171449e-01	-5.764323e-01
1.433103e+01	8.191520e-01	-5.735764e-01
1.433144e+01	8.211492e-01	-5.707136e-01
1.433191e+01	8.231364e-01	-5.678437e-01
1.433225e+01	8.251135e-01	-5.649670e-01
1.433257e+01	8.270806e-01	-5.620834e-01
1.433287e+01	8.290376e-01	-5.591929e-01
1.433405e+01	8.309845e-01	-5.562956e-01
1.434621e+01	8.329212e-01	-5.533915e-01
1.434663e+01	8.348479e-01	-5.504807e-01
1.434707e+01	8.367643e-01	-5.475632e-01
1.434751e+01	8.386706e-01	-5.446390e-01
1.434795e+01	8.405666e-01	-5.417082e-01
1.434835e+01	8.424524e-01	-5.387708e-01
1.434872e+01	8.443279e-01	-5.358268e-01
1.436172e+01	8.461932e-01	-5.328763e-01
1.436220e+01	8.480481e-01	-5.299193e-01
1.436258e+01	8.498927e-01	-5.269558e-01
1.436297e+01	8.517269e-01	-5.239859e-01
1.436332e+01	8.535508e-01	-5.210096e-01
1.436370e+01	8.553643e-01	-5.180270e-01
1.436401e+01	8.571673e-01	-5.150381e-01
1.436433e+01	8.589599e-01	-5.120429e-01
1.437753e+01	8.607420e-01	-5.090414e-01
1.437782e+01	8.625137e-01	-5.060338e-01
1.437811e+01	8.642748e-01	-5.030199e-01
1.437841e+01	8.660254e-01	-5.000000e-01
1.437872e+01	8.677655e-01	-4.969740e-01
1.437904e+01	8.694949e-01	-4.939419e-01
1.437936e+01	8.712138e-01	-4.909038e-01
1.438009e+01	8.729221e-01	-4.878597e-01
1.439274e+01	8.746197e-01	-4.848096e-01
1.439301e+01	8.763067e-01	-4.817537e-01
1.439328e+01	8.779830e-01	-4.786919e-01
1.439372e+01	8.796486e-01	-4.756242e-01
1.439399e+01	8.813035e-01	-4.725508e-01
1.439429e+01	8.829476e-01	-4.694716e-01
1.439458e+01	8.845810e-01	-4.663866e-01
1.440799e+01	8.862036e-01	-4.632960e-01
1.440827e+01	8.878154e-01	-4.601998e-01
1.440855e+01	8.894164e-01	-4.570979e-01
1.440884e+01	8.910065e-01	-4.539905e-01
1.440913e+01	8.925858e-01	-4.508775e-01
1.440951e+01	8.941542e-01	-4.477591e-01
1.440984e+01	8.957118e-01	-4.446352e-01
1.441019e+01	8.972584e-01	-4.415059e-01
1.442381e+01	8.987940e-01	-4.383711e-01
1.442411e+01	9.003188e-01	-4.352311e-01
1.442443e+01	9.018325e-01	-4.320857e-01
1.442474e+01	9.033353e-01	-4.289351e-01
1.442505e+01	9.048271e-01	-4.257793e-01
1.442536e+01	9.063078e-01	-4.226183e-01
1.442565e+01	9.077775e-01	-4.194521e-01
1.442608e+01	9.092361e-01	-4.162808e-01
1.443956e+01	9.106837e-01	-4.131044e-01
1.443999e+01	9.121201e-01	-4.099230e-01
1.444028e+01	9.135455e-01	-4.067366e-01
1.444059e+01	9.149597e-01	-4.035453e-01
1.444090e+01	9.163627e-01	-4.003490e-01
1.444121e+01	9.177546e-01	-3.971479e-01
1.444152e+01	9.191353e-01	-3.939419e-01
1.444208e+01	9.205049e-01	-3.907311e-01
1.445468e+01	9.218632e-01	-3.875156e-01
1.445488e+01	9.232102e-01	-3.842953e-01
1.445507e+01	9.245460e-01	-3.810704e-01
1.445527e+01	9.258706e-01	-3.778408e-01
1.445547e+01	9.271839e-01	-3.746066e-01
1.445568e+01	9.284858e-01	-3.713678e-01
1.445601e+01	9.297765e-01	-3.681246e-01
1.447007e+01	9.310558e-01	-3.648768e-01
1.447029e+01	9.323238e-01	-3.616246e-01
1.447050e+01	9.335804e-01	-3.583679e-01
1.447072e+01	9.348257e-01	-3.551070e-01
1.447096e+01	9.360595e-01	-3.518416e-01
1.447119e+01	9.372820e-01	-3.485720e-01
1.447141e+01	9.384930e-01	-3.452982e-01
1.447201e+01	9.396926e-01	-3.420201e-01
1.448597e+01	9.408808e-01	-3.387379e-01
1.448615e+01	9.420575e-01	-3.354516e-01
1.448634e+01	9.432227e-01	-3.321611e-01
1.448652e+01	9.443764e-01	-3.288666e-01
1.448671e+01	9.455186e-01	-3.255682e-01
1.448689e+01	9.466493e-01	-3.222657e-01
1.448707e+01	9.477684e-01	-3.189593e-01
1.448796e+01	9.488760e-01	-3.156490e-01
1.450203e+01	9.499721e-01	-3.123349e-01
1.450218e+01	9.510565e-01	-3.090170e-01
1.450232e+01	9.521294e-01	-3.056953e-01
1.450247e+01	9.531907e-01	-3.023699e-01
1.450262e+01	9.542403e-01	-2.990408e-01
1.450277e+01	9.552784e-01	-2.957081e-01
1.450293e+01	9.563048e-01	-2.923717e-01
1.450393e+01	9.573195e-01	-2.890318e-01
1.451741e+01	9.583226e-01	-2.856884e-01
1.451785e+01	9.593140e-01	-2.823415e-01
1.451831e+01	9.602937e-01	-2.789911e-01
1.451845e+01	9.612617e-01	-2.756374e-01
1.451858e+01	9.622180e-01	-2.722802e-01
1.451871e+01	9.631626e-01	-2.689198e-01
1.451884e+01	9.640954e-01	-2.655561e-01
1.451993e+01	9.650165e-01	-2.621892e-01
1.453262e+01	9.659258e-01	-2.588190e-01
1.453285e+01	9.668234e-01	-2.554458e-01
1.453307e+01	9.677092e-01	-2.520694e-01
1.453330e+01	9.685832e-01	-2.486899e-01
1.453351e+01	9.694453e-01	-2.453074e-01
1.453370e+01	9.702957e-01	-2.419219e-01
1.453399e+01	9.711343e-01	-2.385335e-01
1.454789e+01	9.719610e-01	-2.351421e-01
1.454827e+01	9.727759e-01	-2.317479e-01
1.454853e+01	9.735789e-01	-2.283509e-01
1.454877e+01	9.743701e-01	-2.249511e-01
1.454902e+01	9.751494e-01	-2.215485e-01
1.454925e+01	9.759168e-01	-2.181432e-01
1.454946e+01	9.766723e-01	-2.147353e-01
1.455002e+01	9.774159e-01	-2.113248e-01
1.456356e+01	9.781476e-01	-2.079117e-01
1.456397e+01	9.788674e-01	-2.044961e-01
1.456437e+01	9.795752e-01	-2.010779e-01
1.456496e+01	9.802712e-01	-1.976573e-01
1.456550e+01	9.809552e-01	-1.942344e-01
1.456586e+01	9.816272e-01	-1.908090e-01
1.456618e+01	9.822873e-01	-1.873813e-01
1.456645e+01	9.829353e-01	-1.839514e-01
1.457963e+01	9.835715e-01	-1.805191e-01
1.458007e+01	9.841956e-01	-1.770847e-01
1.458050e+01	9.848078e-01	-1.736482e-01
1.458091e+01	9.854079e-01	-1.702095e-01
1.458131e+01	9.859960e-01	-1.667687e-01
1.458169e+01	9.865722e-01	-1.633260e-01
1.458202e+01	9.871363e-01	-1.598812e-01
1.458234e+01	9.876883e-01	-1.564345e-01
1.459507e+01	9.882284e-01	-1.529858e-01
1.459549e+01	9.887564e-01	-1.495353e-01
1.459601e+01	9.892723e-01	-1.460830e-01
1.459648e+01	9.897762e-01	-1.426289e-01
1.459693e+01	9.902681e-01	-1.391731e-01
1.459735e+01	9.907478e-01	-1.357156e-01
1.459774e+01	9.912155e-01	-1.322564e-01
1.459817e+01	9.916712e-01	-1.287956e-01
1.461062e+01	9.921147e-01	-1.253332e-01
1.461099e+01	9.925462e-01	-1.218693e-01
1.461136e+01	9.929655e-01	-1.184040e-01
1.461174e+01	9.933728e-01	-1.149372e-01
1.461223e+01	9.937679e-01	-1.114689e-01
1.461264e+01	9.941510e-01	-1.079994e-01
1.461304e+01	9.945219e-01	-1.045285e-01
1.461415e+01	9.948807e-01	-1.010563e-01
1.462622e+01	9.952274e-01	-9.758290e-02
1.462648e+01	9.955620e-01	-9.410831e-02
1.462679e+01	9.958844e-01	-9.063258e-02
1.462710e+01	9.961947e-01	-8.715574e-02
1.462742e+01	9.964929e-01	-8.367784e-02
1.462774e+01	9.967789e-01	-8.019892e-02
1.462814e+01	9.970528e-01	-7.671903e-02
1.464223e+01	9.973145e-01	-7.323820e-02
1.464254e+01	9.975641e-01	-6.975647e-02
1.464283e+01	9.978015e-01	-6.627390e-02
1.464312e+01	9.980267e-01	-6.279052e-02
1.464340e+01	9.982398e-01	-5.930637e-02
1.464368e+01	9.984408e-01	-5.582150e-02
1.464396e+01	9.986295e-01	-5.233596e-02
1.464421e+01	9.988061e-01	-4.884977e-02
1.465754e+01	9.989706e-01	-4.536299e-02
1.465777e+01	9.991228e-01	-4.187565e-02
1.465800e+01	9.992629e-01	-3.838781e-02
1.465823e+01	9.993908e-01	-3.489950e-02
1.465848e+01	9.995066e-01	-3.141076e-02
1.465872e+01	9.996101e-01	-2.792164e-02
1.465896e+01	9.997015e-01	-2.443218e-02
1.465999e+01	9.997807e-01	-2.094242e-02
1.467351e+01	9.998477e-01	-1.745241e-02
1.467369e+01	9.999025e-01	-1.396218e-02
1.467386e+01	9.999452e-01	-1.047178e-02
1.467404e+01	9.999756e-01	-6.981260e-03
1.467421e+01	9.999939e-01	-3.490651e-03
1.467440e+01	1.000000e+00	-7.908631e-13
1.467458e+01	9.999939e-01	3.490651e-03
1.468882e+01	9.999756e-01	6.981260e-03
1.468904e+01	9.999452e-01	1.047178e-02
1.468925e+01	9.999025e-01	1.396218e-02
1.468947e+01	9.998477e-01	1.745241e-02
1.468970e+01	9.997807e-01	2.094242e-02
1.468993e+01	9.997015e-01	2.443218e-02
1.469013e+01	9.996101e-01	2.792164e-02
1.469034e+01	9.995066e-01	3.141076e-02
1.470396e+01	9.993908e-01	3.489950e-02
1.470419e+01	9.992629e-01	3.838781e-02
1.470441e+01	9.991228e-01	4.187565e-02
1.470463e+01	9.989706e-01	4.536299e-02
1.470486e+01	9.988061e-01	4.884977e-02
1.470508e+01	9.986295e-01	5.233596e-02
1.470529e+01	9.984408e-01	5.582150e-02
1.470599e+01	9.982398e-01	5.930637e-02
1.472017e+01	9.980267e-01	6.279052e-02
1.472057e+01	9.978015e-01	6.627390e-02
1.472076e+01	9.975641e-01	6.975647e-02
1.472098e+01	9.973145e-01	7.323820e-02
1.472118e+01	9.970528e-01	7.671903e-02
1.472138e+01	9.967789e-01	8.019892e-02
1.472158e+01	9.964929e-01	8.367784e-02
1.472199e+01	9.961947e-01	8.715574e-02
1.473575e+01	9.958844e-01	9.063258e-02
1.473588e+01	9.955620e-01	9.410831e-02
1.473602e+01	9.952274e-01	9.758290e-02
1.473616e+01	9.948807e-01	1.010563e-01
1.473630e+01	9.945219e-01	1.045285e-01
1.473645e+01	9.941510e-01	1.079994e-01
1.473659e+01	9.937679e-01	1.114689e-01
1.475157e+01	9.933728e-01	1.149372e-01
1.475171e+01	9.929655e-01	1.184040e-01
1.475185e+01	9.925462e-01	1.218693e-01
1.475200e+01	9.921147e-01	1.253332e-01
1.475214e+01	9.916712e-01	1.287956e-01
1.475228e+01	9.912155e-01	1.322564e-01
1.475242e+01	9.907478e-01	1.357156e-01
1.475257e+01	9.902681e-01	1.391731e-01
1.476725e+01	9.897762e-01	1.426289e-01
1.476747e+01	9.892723e-01	1.460830e-01
1.476768e+01	9.887564e-01	1.495353e-01
1.476790e+01	9.882284e-01	1.529858e-01
1.476809e+01	9.876883e-01	1.564345e-01
1.476827e+01	9.871363e-01	1.598812e-01
1.476844e+01	9.865722e-01	1.633260e-01
1.476861e+01	9.859960e-01	1.667687e-01
1.478296e+01	9.854079e-01	1.702095e-01
1.478324e+01	9.848078e-01	1.736482e-01
1.478349e+01	9.841956e-01	1.770847e-01
1.478419e+01	9.835715e-01	1.805191e-01
1.478440e+01	9.829353e-01	1.839514e-01
1.478461e+01	9.822873e-01	1.873813e-01
1.478481e+01	9.816272e-01	1.908090e-01
1.478501e+01	9.809552e-01	1.942344e-01
1.478595e+01	9.802712e-01	1.976573e-01
1.479822e+01	9.795752e-01	2.010779e-01
1.479850e+01	9.788674e-01	2.044961e-01
1.479896e+01	9.781476e-01	2.079117e-01
1.479923e+01	9.774159e-01	2.113248e-01
1.479946e+01	9.766723e-01	2.147353e-01
1.479967e+01	9.759168e-01	2.181432e-01
1.480002e+01	9.751494e-01	2.215485e-01
1.481354e+01	9.743701e-01	2.249511e-01
1.481392e+01	9.735789e-01	2.283509e-01
1.481434e+01	9.727759e-01	2.317479e-01
1.481477e+01	9.719610e-01	2.351421e-01
1.481517e+01	9.711343e-01	2.385335e-01
1.481548e+01	9.702957e-01	2.419219e-01
1.481578e+01	9.694453e-01	2.453074e-01
1.481609e+01	9.685832e-01	2.486899e-01
1.482926e+01	9.677092e-01	2.520694e-01
1.482950e+01	9.668234e-01	2.554458e-01
1.482963e+01	9.659258e-01	2.588190e-01
1.482975e+01	9.650165e-01	2.621892e-01
1.482987e+01	9.640954e-01	2.655561e-01
1.483000e+01	9.631626e-01	2.689198e-01
1.483012e+01	9.622180e-01	2.722802e-01
1.484511e+01	9.612617e-01	2.756374e-01
1.484534e+01	9.602937e-01	2.789911e-01
1.484552e+01	9.593140e-01	2.823415e-01
1.484568e+01	9.583226e-01	2.856884e-01
1.484584e+01	9.573195e-01	2.890318e-01
1.484600e+01	9.563048e-01	2.923717e-01
1.484615e+01	9.552784e-01	2.957081e-01
1.484629e+01	9.542403e-01	2.990408e-01
1.486012e+01	9.531907e-01	3.023699e-01
1.486031e+01	9.521294e-01	3.056953e-01
1.486050e+01	9.510565e-01	3.090170e-01
1.486069e+01	9.499721e-01	3.123349e-01
1.486088e+01	9.488760e-01	3.156490e-01
1.486107e+01	9.477684e-01	3.189593e-01
1.486127e+01	9.466493e-01	3.222657e-01
1.486198e+01	9.455186e-01	3.255682e-01
1.487560e+01	9.443764e-01	3.288666e-01
1.487583e+01	9.432227e-01	3.321611e-01
1.487605e+01	9.420575e-01	3.354516e-01
1.487627e+01	9.408808e-01	3.387379e-01
1.487650e+01	9.396926e-01	3.420201e-01
1.487672e+01	9.384930e-01	3.452982e-01
1.487694e+01	9.372820e-01	3.485720e-01
1.487798e+01	9.360595e-01	3.518416e-01
1.489096e+01	9.348257e-01	3.551070e-01
1.489112e+01	9.335804e-01	3.583679e-01
1.489124e+01	9.323238e-01	3.616246e-01
1.489137e+01	9.310558e-01	3.648768e-01
1.489149e+01	9.297765e-01	3.681246e-01
1.489162e+01	9.284858e-01	3.713678e-01
1.489193e+01	9.271839e-01	3.746066e-01
1.490646e+01	9.258706e-01	3.778408e-01
1.490662e+01	9.245460e-01	3.810704e-01
1.490677e+01	9.232102e-01	3.842953e-01
1.490693e+01	9.218632e-01	3.875156e-01
1.490709e+01	9.205049e-01	3.907311e-01
1.490725e+01	9.191353e-01	3.939419e-01
1.490742e+01	9.177546e-01	3.971479e-01
1.490803e+01	9.163627e-01	4.003490e-01
1.492161e+01	9.149597e-01	4.035453e-01
1.492184e+01	9.135455e-01	4.067366e-01
1.492206e+01	9.121201e-01	4.099230e-01
1.492229e+01	9.106837e-01	4.131044e-01
1.492253e+01	9.092361e-01	4.162808e-01
1.492276e+01	9.077775e-01	4.194521e-01
1.492298e+01	9.063078e-01	4.226183e-01
1.492398e+01	9.048271e-01	4.257793e-01
1.493703e+01	9.033353e-01	4.289351e-01
1.493723e+01	9.018325e-01	4.320857e-01
1.493743e+01	9.003188e-01	4.352311e-01
1.493764e+01	8.987940e-01	4.383711e-01
1.493784e+01	8.972584e-01	4.415059e-01
1.493805e+01	8.957118e-01	4.446352e-01
1.493824e+01	8.941542e-01	4.477591e-01
1.495234e+01	8.925858e-01	4.508775e-01
1.495249e+01	8.910065e-01	4.539905e-01
1.495265e+01	8.894164e-01	4.570979e-01
1.495281e+01	8.878154e-01	4.601998e-01
1.495296e+01	8.862036e-01	4.632960e-01
1.495319e+01	8.845810e-01	4.663866e-01
1.495338e+01	8.829476e-01	4.694716e-01
1.495396e+01	8.813035e-01	4.725508e-01
1.496780e+01	8.796486e-01	4.756242e-01
1.496801e+01	8.779830e-01	4.786919e-01
1.496821e+01	8.763067e-01	4.817537e-01
1.496840e+01	8.746197e-01	4.848096e-01
1.496863e+01	8.729221e-01	4.878597e-01
1.496882e+01	8.712138e-01	4.909038e-01
1.496902e+01	8.694949e-01	4.939419e-01
1.497004e+01	8.677655e-01	4.969740e-01
1.498311e+01	8.660254e-01	5.000000e-01
1.498340e+01	8.642748e-01	5.030199e-01
1.498368e+01	8.625137e-01	5.060338e-01
1.498396e+01	8.607420e-01	5.090414e-01
1.498424e+01	8.589599e-01	5.120429e-01
1.498447e+01	8.571673e-01	5.150381e-01
1.498468e+01	8.553643e-01	5.180270e-01
1.499876e+01	8.535508e-01	5.210096e-01
1.499929e+01	8.517269e-01	5.239859e-01
1.499969e+01	8.498927e-01	5.269558e-01
1.500009e+01	8.480481e-01	5.299193e-01
1.500043e+01	8.461932e-01	5.328763e-01
1.500075e+01	8.443279e-01	5.358268e-01
1.500106e+01	8.424524e-01	5.387708e-01
1.500133e+01	8.405666e-01	5.417082e-01
1.500205e+01	8.386706e-01	5.446390e-01
1.501427e+01	8.367643e-01	5.475632e-01
1.501473e+01	8.348479e-01	5.504807e-01
1.501518e+01	8.329212e-01	5.533915e-01
1.501570e+01	8.309845e-01	5.562956e-01
1.501608e+01	8.290376e-01	5.591929e-01
1.501643e+01	8.270806e-01	5.620834e-01
1.501677e+01	8.251135e-01	5.649670e-01
1.503053e+01	8.231364e-01	5.678437e-01
1.503099e+01	8.211492e-01	5.707136e-01
1.503142e+01	8.191520e-01	5.735764e-01
1.503193e+01	8.171449e-01	5.764323e-01
1.503235e+01	8.151278e-01	5.792812e-01
1.503269e+01	8.131008e-01	5.821230e-01
1.503303e+01	8.110638e-01	5.849577e-01
1.503331e+01	8.090170e-01	5.877853e-01
1.503406e+01	8.069603e-01	5.906057e-01
1.504612e+01	8.048938e-01	5.934189e-01
1.504655e+01	8.028175e-01	5.962249e-01
1.504699e+01	8.007314e-01	5.990236e-01
1.504745e+01	7.986355e-01	6.018150e-01
1.504790e+01	7.965299e-01	6.045991e-01
1.504830e+01	7.944146e-01	6.073758e-01
1.504868e+01	7.922896e-01	6.101452e-01
1.506120e+01	7.901550e-01	6.129071e-01
1.506152e+01	7.880108e-01	6.156615e-01
1.506198e+01	7.858569e-01	6.184084e-01
1.506240e+01	7.836935e-01	6.211478e-01
1.506280e+01	7.815205e-01	6.238796e-01
1.506315e+01	7.793380e-01	6.266038e-01
1.506347e+01	7.771460e-01	6.293204e-01
1.506410e+01	7.749445e-01	6.320293e-01
1.507613e+01	7.727336e-01	6.347305e-01
1.507635e+01	7.705132e-01	6.374240e-01
1.507657e+01	7.682835e-01	6.401097e-01
1.507680e+01	7.660444e-01	6.427876e-01
1.507702e+01	7.637960e-01	6.454577e-01
1.507725e+01	7.615383e-01	6.481199e-01
1.507804e+01	7.592713e-01	6.507742e-01
1.509173e+01	7.569951e-01	6.534206e-01
1.509201e+01	7.547096e-01	6.560590e-01
1.509229e+01	7.524149e-01	6.586895e-01
1.509254e+01	7.501111e-01	6.613119e-01
1.509284e+01	7.477981e-01	6.639262e-01
1.509326e+01	7.454760e-01	6.665325e-01
1.509364e+01	7.431448e-01	6.691306e-01
1.509416e+01	7.408046e-01	6.717206e-01
1.510681e+01	7.384553e-01	6.743024e-01
1.510706e+01	7.360971e-01	6.768760e-01
1.510732e+01	7.337299e-01	6.794413e-01
1.510759e+01	7.313537e-01	6.819984e-01
1.510786e+01	7.289686e-01	6.845471e-01
1.510811e+01	7.265747e-01	6.870875e-01
1.510835e+01	7.241719e-01	6.896195e-01
1.512200e+01	7.217602e-01	6.921432e-01
1.512221e+01	7.193398e-01	6.946584e-01
1.512242e+01	7.169106e-01	6.971651e-01
1.512263e+01	7.144727e-01	6.996633e-01
1.512285e+01	7.120260e-01	7.021531e-01
1.512307e+01	7.095707e-01	7.046342e-01
1.512329e+01	7.071068e-01	7.071068e-01
1.512399e+01	7.046342e-01	7.095707e-01
1.513797e+01	7.021531e-01	7.120260e-01
1.513816e+01	6.996633e-01	7.144727e-01
1.513835e+01	6.971651e-01	7.169106e-01
1.513854e+01	6.946584e-01	7.193398e-01
1.513873e+01	6.921432e-01	7.217602e-01
1.513893e+01	6.896195e-01	7.241719e-01
1.513910e+01	6.870875e-01	7.265747e-01
1.513996e+01	6.845471e-01	7.289686e-01
1.515328e+01	6.819984e-01	7.313537e-01
1.515345e+01	6.794413e-01	7.337299e-01
1.515362e+01	6.768760e-01	7.360971e-01
1.515379e+01	6.743024e-01	7.384553e-01
1.515396e+01	6.717206e-01	7.408046e-01
1.515413e+01	6.691306e-01	7.431448e-01
1.515430e+01	6.665325e-01	7.454760e-01
1.516862e+01	6.639262e-01	7.477981e-01
1.516887e+01	6.613119e-01	7.501111e-01
1.516904e+01	6.586895e-01	7.524149e-01
1.516921e+01	6.560590e-01	7.547096e-01
1.516938e+01	6.534206e-01	7.569951e-01
1.516955e+01	6.507742e-01	7.592713e-01
1.516972e+01	6.481199e-01	7.615383e-01
1.516997e+01	6.454577e-01	7.637960e-01
1.518460e+01	6.427876e-01	7.660444e-01
1.518478e+01	6.401097e-01	7.682835e-01
1.518496e+01	6.374240e-01	7.705132e-01
1.518514e+01	6.347305e-01	7.727336e-01
1.518531e+01	6.320293e-01	7.749445e-01
1.518548e+01	6.293204e-01	7.771460e-01
1.518565e+01	6.266038e-01	7.793380e-01
1.518601e+01	6.238796e-01	7.815205e-01
1.519990e+01	6.211478e-01	7.836935e-01
1.520013e+01	6.184084e-01	7.858569e-01
1.520035e+01	6.156615e-01	7.880108e-01
1.520062e+01	6.129071e-01	7.901550e-01
1.520088e+01	6.101452e-01	7.922896e-01
1.520110e+01	6.073758e-01	7.944146e-01
1.520131e+01	6.045991e-01	7.965299e-01
1.520199e+01	6.018150e-01	7.986355e-01
1.521528e+01	5.990236e-01	8.007314e-01
1.521560e+01	5.962249e-01	8.028175e-01
1.521591e+01	5.934189e-01	8.048938e-01
1.521626e+01	5.906057e-01	8.069603e-01
1.521653e+01	5.877853e-01	8.090170e-01
1.521688e+01	5.849577e-01	8.110638e-01
1.521712e+01	5.821230e-01	8.131008e-01
1.521801e+01	5.792812e-01	8.151278e-01
1.523087e+01	5.764323e-01	8.171449e-01
1.523126e+01	5.735764e-01	8.191520e-01
1.523167e+01	5.707136e-01	8.211492e-01
1.523209e+01	5.678437e-01	8.231364e-01
1.523247e+01	5.649670e-01	8.251135e-01
1.523283e+01	5.620834e-01	8.270806e-01
1.523320e+01	5.591929e-01	8.290376e-01
1.523410e+01	5.562956e-01	8.309845e-01
1.524691e+01	5.533915e-01	8.329212e-01
1.524735e+01	5.504807e-01	8.348479e-01
1.524779e+01	5.475632e-01	8.367643e-01
1.524822e+01	5.446390e-01	8.386706e-01
1.524864e+01	5.417082e-01	8.405666e-01
1.524904e+01	5.387708e-01	8.424524e-01
1.524938e+01	5.358268e-01	8.443279e-01
1.525013e+01	5.328763e-01	8.461932e-01
1.526280e+01	5.299193e-01	8.480481e-01
1.526314e+01	5.269558e-01	8.498927e-01
1.526359e+01	5.239859e-01	8.517269e-01
1.526392e+01	5.210096e-01	8.535508e-01
1.526422e+01	5.180270e-01	8.553643e-01
1.526454e+01	5.150381e-01	8.571673e-01
1.526481e+01	5.120429e-01	8.589599e-01
1.526602e+01	5.090414e-01	8.607420e-01
1.527803e+01	5.060338e-01	8.625137e-01
1.527831e+01	5.030199e-01	8.642748e-01
1.527860e+01	5.000000e-01	8.660254e-01
1.527889e+01	4.969740e-01	8.677655e-01
1.527919e+01	4.939419e-01	8.694949e-01
1.527953e+01	4.909038e-01	8.712138e-01
1.528011e+01	4.878597e-01	8.729221e-01
1.529331e+01	4.848096e-01	8.746197e-01
1.529369e+01	4.817537e-01	8.763067e-01
1.529418e+01	4.786919e-01	8.779830e-01
1.529458e+01	4.756242e-01	8.796486e-01
1.529512e+01	4.725508e-01	8.813035e-01
1.529560e+01	4.694716e-01	8.829476e-01
1.529600e+01	4.663866e-01	8.845810e-01
1.529639e+01	4.632960e-01	8.862036e-01
1.530851e+01	4.601998e-01	8.878154e-01
1.530891e+01	4.570979e-01	8.894164e-01
1.530931e+01	4.539905e-01	8.910065e-01
1.530969e+01	4.508775e-01	8.925858e-01
1.531005e+01	4.477591e-01	8.941542e-01
1.531036e+01	4.446352e-01	8.957118e-01
1.531066e+01	4.415059e-01	8.972584e-01
1.532426e+01	4.383711e-01	8.987940e-01
1.532452e+01	4.352311e-01	9.003188e-01
1.532478e+01	4.320857e-01	9.018325e-01
1.532504e+01	4.289351e-01	9.033353e-01
1.532530e+01	4.257793e-01	9.048271e-01
1.532558e+01	4.226183e-01	9.063078e-01
1.532585e+01	4.194521e-01	9.077775e-01
1.532613e+01	4.162808e-01	9.092361e-01
1.534030e+01	4.131044e-01	9.106837e-01
1.534072e+01	4.099230e-01	9.121201e-01
1.534115e+01	4.067366e-01	9.135455e-01
1.534140e+01	4.035453e-01	9.149597e-01
1.534164e+01	4.003490e-01	9.163627e-01
1.534188e+01	3.971479e-01	9.177546e-01
1.534211e+01	3.939419e-01	9.191353e-01
1.534233e+01	3.907311e-01	9.205049e-01
1.535583e+01	3.875156e-01	9.218632e-01
1.535602e+01	3.842953e-01	9.232102e-01
1.535622e+01	3.810704e-01	9.245460e-01
1.535642e+01	3.778408e-01	9.258706e-01
1.535664e+01	3.746066e-01	9.271839e-01
1.535684e+01	3.713678e-01	9.284858e-01
1.535706e+01	3.681246e-01	9.297765e-01
1.535796e+01	3.648768e-01	9.310558e-01
1.537164e+01	3.616246e-01	9.323238e-01
1.537181e+01	3.583679e-01	9.335804e-01
1.537197e+01	3.551070e-01	9.348257e-01
1.537213e+01	3.518416e-01	9.360595e-01
1.537228e+01	3.485720e-01	9.372820e-01
1.537244e+01	3.452982e-01	9.384930e-01
1.537260e+01	3.420201e-01	9.396926e-01
1.538680e+01	3.387379e-01	9.408808e-01
1.538699e+01	3.354516e-01	9.420575e-01
1.538718e+01	3.321611e-01	9.432227e-01
1.538737e+01	3.288666e-01	9.443764e-01
1.538757e+01	3.255682e-01	9.455186e-01
1.538776e+01	3.222657e-01	9.466493e-01
1.538795e+01	3.189593e-01	9.477684e-01
1.538814e+01	3.156490e-01	9.488760e-01
1.540199e+01	3.123349e-01	9.499721e-01
1.540219e+01	3.090170e-01	9.510565e-01
1.540237e+01	3.056953e-01	9.521294e-01
1.540255e+01	3.023699e-01	9.531907e-01
1.540273e+01	2.990408e-01	9.542403e-01
1.540291e+01	2.957081e-01	9.552784e-01
1.540308e+01	2.923717e-01	9.563048e-01
1.540396e+01	2.890318e-01	9.573195e-01
1.541723e+01	2.856884e-01	9.583226e-01
1.541742e+01	2.823415e-01	9.593140e-01
1.541760e+01	2.789911e-01	9.602937e-01
1.541779e+01	2.756374e-01	9.612617e-01
1.541798e+01	2.722802e-01	9.622180e-01
1.541815e+01	2.689198e-01	9.631626e-01
1.541831e+01	2.655561e-01	9.640954e-01
1.543303e+01	2.621892e-01	9.650165e-01
1.543338e+01	2.588190e-01	9.659258e-01
1.543370e+01	2.554458e-01	9.668234e-01
1.543401e+01	2.520694e-01	9.677092e-01
1.543436e+01	2.486899e-01	9.685832e-01
1.543505e+01	2.453074e-01	9.694453e-01
1.543528e+01	2.419219e-01	9.702957e-01
1.543549e+01	2.385335e-01	9.711343e-01
1.543606e+01	2.351421e-01	9.719610e-01
1.544895e+01	2.317479e-01	9.727759e-01
1.544934e+01	2.283509e-01	9.735789e-01
1.544974e+01	2.249511e-01	9.743701e-01
1.545018e+01	2.215485e-01	9.751494e-01
1.545051e+01	2.181432e-01	9.759168e-01
1.545083e+01	2.147353e-01	9.766723e-01
1.545115e+01	2.113248e-01	9.774159e-01
1.545208e+01	2.079117e-01	9.781476e-01
1.546389e+01	2.044961e-01	9.788674e-01
1.546431e+01	2.010779e-01	9.795752e-01
1.546476e+01	1.976573e-01	9.802712e-01
1.546516e+01	1.942344e-01	9.809552e-01
1.546557e+01	1.908090e-01	9.816272e-01
1.546592e+01	1.873813e-01	9.822873e-01
1.546621e+01	1.839514e-01	9.829353e-01
1.547902e+01	1.805191e-01	9.835715e-01
1.547942e+01	1.770847e-01	9.841956e-01
1.547982e+01	1.736482e-01	9.848078e-01
1.548023e+01	1.702095e-01	9.854079e-01
1.548069e+01	1.667687e-01	9.859960e-01
1.548113e+01	1.633260e-01	9.865722e-01
1.548154e+01	1.598812e-01	9.871363e-01
1.548214e+01	1.564345e-01	9.876883e-01
1.549441e+01	1.529858e-01	9.882284e-01
1.549479e+01	1.495353e-01	9.887564e-01
1.549517e+01	1.460830e-01	9.892723e-01
1.549551e+01	1.426289e-01	9.897762e-01
1.549584e+01	1.391731e-01	9.902681e-01
1.549614e+01	1.357156e-01	9.907478e-01
1.549641e+01	1.322564e-01	9.912155e-01
1.551037e+01	1.287956e-01	9.916712e-01
1.551106e+01	1.253332e-01	9.921147e-01
1.551132e+01	1.218693e-01	9.925462e-01
1.551160e+01	1.184040e-01	9.929655e-01
1.551186e+01	1.149372e-01	9.933728e-01
1.551211e+01	1.114689e-01	9.937679e-01
1.551235e+01	1.079994e-01	9.941510e-01
1.551257e+01	1.045285e-01	9.945219e-01
1.552638e+01	1.010563e-01	9.948807e-01
1.552665e+01	9.758290e-02	9.952274e-01
1.552691e+01	9.410831e-02	9.955620e-01
1.552717e+01	9.063258e-02	9.958844e-01
1.552742e+01	8.715574e-02	9.961947e-01
1.552765e+01	8.367784e-02	9.964929e-01
1.552789e+01	8.019892e-02	9.967789e-01
1.552812e+01	7.671903e-02	9.970528e-01
1.554176e+01	7.323820e-02	9.973145e-01
1.554198e+01	6.975647e-02	9.975641e-01
1.554218e+01	6.627390e-02	9.978015e-01
1.554239e+01	6.279052e-02	9.980267e-01
1.554260e+01	5.930637e-02	9.982398e-01
1.554281e+01	5.582150e-02	9.984408e-01
1.554303e+01	5.233596e-02	9.986295e-01
1.554403e+01	4.884977e-02	9.988061e-01
1.555788e+01	4.536299e-02	9.989706e-01
1.555812e+01	4.187565e-02	9.991228e-01
1.555836e+01	3.838781e-02	9.992629e-01
1.555861e+01	3.489950e-02	9.993908e-01
1.555885e+01	3.141076e-02	9.995066e-01
1.555911e+01	2.792164e-02	9.996101e-01
1.555937e+01	2.443218e-02	9.997015e-01
1.556005e+01	2.094242e-02	9.997807e-01
1.557333e+01	1.745241e-02	9.998477e-01
1.557362e+01	1.396218e-02	9.999025e-01
1.557388e+01	1.047178e-02	9.999452e-01
1.557412e+01	6.981260e-03	9.999756e-01
1.557438e+01	3.490651e-03	9.999939e-01
1.557465e+01	7.894917e-13	1.000000e+00
1.557499e+01	-3.490651e-03	9.999939e-01
1.557610e+01	-6.981260e-03	9.999756e-01
1.558869e+01	-1.047178e-02	9.999452e-01
1.558891e+01	-1.396218e-02	9.999025e-01
1.558912e+01	-1.745241e-02	9.998477e-01
1.558935e+01	-2.094242e-02	9.997807e-01
1.558957e+01	-2.443218e-02	9.997015e-01
1.558980e+01	-2.792164e-02	9.996101e-01
1.558999e+01	-3.141076e-02	9.995066e-01
1.560478e+01	-3.489950e-02	9.993908e-01
1.560496e+01	-3.838781e-02	9.992629e-01
1.560514e+01	-4.187565e-02	9.991228e-01
1.560533e+01	-4.536299e-02	9.989706e-01
1.560553e+01	-4.884977e-02	9.988061e-01
1.560572e+01	-5.233596e-02	9.986295e-01
1.560591e+01	-5.582150e-02	9.984408e-01
1.560611e+01	-5.930637e-02	9.982398e-01
1.561983e+01	-6.279052e-02	9.980267e-01
1.562004e+01	-6.627390e-02	9.978015e-01
1.562026e+01	-6.975647e-02	9.975641e-01
1.562049e+01	-7.323820e-02	9.973145e-01
1.562074e+01	-7.671903e-02	9.970528e-01
1.562096e+01	-8.019892e-02	9.967789e-01
1.562115e+01	-8.367784e-02	9.964929e-01
1.562197e+01	-8.715574e-02	9.961947e-01
1.563561e+01	-9.063258e-02	9.958844e-01
1.563577e+01	-9.410831e-02	9.955620e-01
1.563592e+01	-9.758290e-02	9.952274e-01
1.563606e+01	-1.010563e-01	9.948807e-01
1.563621e+01	-1.045285e-01	9.945219e-01
1.563637e+01	-1.079994e-01	9.941510e-01
1.563656e+01	-1.114689e-01	9.937679e-01
1.565164e+01	-1.149372e-01	9.933728e-01
1.565182e+01	-1.184040e-01	9.929655e-01
1.565200e+01	-1.218693e-01	9.925462e-01
1.565218e+01	-1.253332e-01	9.921147e-01
1.565234e+01	-1.287956e-01	9.916712e-01
1.565250e+01	-1.322564e-01	9.912155e-01
1.565265e+01	-1.357156e-01	9.907478e-01
1.565280e+01	-1.391731e-01	9.902681e-01
1.566748e+01	-1.426289e-01	9.897762e-01
1.566774e+01	-1.460830e-01	9.892723e-01
1.566800e+01	-1.495353e-01	9.887564e-01
1.566824e+01	-1.529858e-01	9.882284e-01
1.566845e+01	-1.564345e-01	9.876883e-01
1.566866e+01	-1.598812e-01	9.871363e-01
1.566887e+01	-1.633260e-01	9.865722e-01
1.566905e+01	-1.667687e-01	9.859960e-01
1.566996e+01	-1.702095e-01	9.854079e-01
1.568312e+01	-1.736482e-01	9.848078e-01
1.568337e+01	-1.770847e-01	9.841956e-01
1.568361e+01	-1.805191e-01	9.835715e-01
1.568393e+01	-1.839514e-01	9.829353e-01
1.568415e+01	-1.873813e-01	9.822873e-01
1.568436e+01	-1.908090e-01	9.816272e-01
1.568456e+01	-1.942344e-01	9.809552e-01
1.569903e+01	-1.976573e-01	9.802712e-01
1.569943e+01	-2.010779e-01	9.795752e-01
1.569983e+01	-2.044961e-01	9.788674e-01
1.570023e+01	-2.079117e-01	9.781476e-01
1.570058e+01	-2.113248e-01	9.774159e-01
1.570088e+01	-2.147353e-01	9.766723e-01
1.570119e+01	-2.181432e-01	9.759168e-01
1.570145e+01	-2.215485e-01	9.751494e-01
1.570203e+01	-2.249511e-01	9.743701e-01
1.571455e+01	-2.283509e-01	9.735789e-01
1.571495e+01	-2.317479e-01	9.727759e-01
1.571536e+01	-2.351421e-01	9.719610e-01
1.571585e+01	-2.385335e-01	9.711343e-01
1.571630e+01	-2.419219e-01	9.702957e-01
1.571668e+01	-2.453074e-01	9.694453e-01
1.571705e+01	-2.486899e-01	9.685832e-01
1.571808e+01	-2.520694e-01	9.677092e-01
1.573006e+01	-2.554458e-01	9.668234e-01
1.573050e+01	-2.588190e-01	9.659258e-01
1.573124e+01	-2.621892e-01	9.650165e-01
1.573170e+01	-2.655561e-01	9.640954e-01
1.573215e+01	-2.689198e-01	9.631626e-01
1.573258e+01	-2.722802e-01	9.622180e-01
1.573300e+01	-2.756374e-01	9.612617e-01
1.573412e+01	-2.789911e-01	9.602937e-01
1.574602e+01	-2.823415e-01	9.593140e-01
1.574643e+01	-2.856884e-01	9.583226e-01
1.574683e+01	-2.890318e-01	9.573195e-01
1.574720e+01	-2.923717e-01	9.563048e-01
1.574755e+01	-2.957081e-01	9.552784e-01
1.574789e+01	-2.990408e-01	9.542403e-01
1.574818e+01	-3.023699e-01	9.531907e-01
1.576170e+01	-3.056953e-01	9.521294e-01
1.576199e+01	-3.090170e-01	9.510565e-01
1.576228e+01	-3.123349e-01	9.499721e-01
1.576258e+01	-3.156490e-01	9.488760e-01
1.576287e+01	-3.189593e-01	9.477684e-01
1.576317e+01	-3.222657e-01	9.466493e-01
1.576348e+01	-3.255682e-01	9.455186e-01
1.576411e+01	-3.288666e-01	9.443764e-01
1.577682e+01	-3.321611e-01	9.432227e-01
1.577713e+01	-3.354516e-01	9.420575e-01
1.577746e+01	-3.387379e-01	9.408808e-01
1.577780e+01	-3.420201e-01	9.396926e-01
1.577809e+01	-3.452982e-01	9.384930e-01
1.577836e+01	-3.485720e-01	9.372820e-01
1.577861e+01	-3.518416e-01	9.360595e-01
1.579291e+01	-3.551070e-01	9.348257e-01
1.579340e+01	-3.583679e-01	9.335804e-01
1.579383e+01	-3.616246e-01	9.323238e-01
1.579421e+01	-3.648768e-01	9.310558e-01
1.579456e+01	-3.681246e-01	9.297765e-01
1.579490e+01	-3.713678e-01	9.284858e-01
1.579527e+01	-3.746066e-01	9.271839e-01
1.579563e+01	-3.778408e-01	9.258706e-01
1.579614e+01	-3.810704e-01	9.245460e-01
1.580804e+01	-3.842953e-01	9.232102e-01
1.580837e+01	-3.875156e-01	9.218632e-01
1.580869e+01	-3.907311e-01	9.205049e-01
1.580902e+01	-3.939419e-01	9.191353e-01
1.580934e+01	-3.971479e-01	9.177546e-01
1.580973e+01	-4.003490e-01	9.163627e-01
1.581015e+01	-4.035453e-01	9.149597e-01
1.582364e+01	-4.067366e-01	9.135455e-01
1.582384e+01	-4.099230e-01	9.121201e-01
1.582405e+01	-4.131044e-01	9.106837e-01
1.582424e+01	-4.162808e-01	9.092361e-01
1.582444e+01	-4.194521e-01	9.077775e-01
1.582466e+01	-4.226183e-01	9.063078e-01
1.582485e+01	-4.257793e-01	9.048271e-01
1.582596e+01	-4.289351e-01	9.033353e-01
1.583817e+01	-4.320857e-01	9.018325e-01
1.583835e+01	-4.352311e-01	9.003188e-01
1.583854e+01	-4.383711e-01	8.987940e-01
1.583873e+01	-4.415059e-01	8.972584e-01
1.583891e+01	-4.446352e-01	8.957118e-01
1.583910e+01	-4.477591e-01	8.941542e-01
1.584003e+01	-4.508775e-01	8.925858e-01
1.585363e+01	-4.539905e-01	8.910065e-01
1.585383e+01	-4.570979e-01	8.894164e-01
1.585403e+01	-4.601998e-01	8.878154e-01
1.585425e+01	-4.632960e-01	8.862036e-01
1.585448e+01	-4.663866e-01	8.845810e-01
1.585471e+01	-4.694716e-01	8.829476e-01
1.585495e+01	-4.725508e-01	8.813035e-01
1.585598e+01	-4.756242e-01	8.796486e-01
1.587014e+01	-4.786919e-01	8.779830e-01
1.587030e+01	-4.817537e-01	8.763067e-01
1.587045e+01	-4.848096e-01	8.746197e-01
1.587062e+01	-4.878597e-01	8.729221e-01
1.587078e+01	-4.909038e-01	8.712138e-01
1.587095e+01	-4.939419e-01	8.694949e-01
1.587111e+01	-4.969740e-01	8.677655e-01
1.587198e+01	-5.000000e-01	8.660254e-01
1.588564e+01	-5.030199e-01	8.642748e-01
1.588579e+01	-5.060338e-01	8.625137e-01
1.588594e+01	-5.090414e-01	8.607420e-01
1.588609e+01	-5.120429e-01	8.589599e-01
1.588624e+01	-5.150381e-01	8.571673e-01
1.588638e+01	-5.180270e-01	8.553643e-01
1.588654e+01	-5.210096e-01	8.535508e-01
1.590084e+01	-5.239859e-01	8.517269e-01
1.590102e+01	-5.269558e-01	8.498927e-01
1.590119e+01	-5.299193e-01	8.480481e-01
1.590136e+01	-5.328763e-01	8.461932e-01
1.590153e+01	-5.358268e-01	8.443279e-01
1.590168e+01	-5.387708e-01	8.424524e-01
1.590182e+01	-5.417082e-01	8.405666e-01
1.590197e+01	-5.446390e-01	8.386706e-01
1.591690e+01	-5.475632e-01	8.367643e-01
1.591718e+01	-5.504807e-01	8.348479e-01
1.591744e+01	-5.533915e-01	8.329212e-01
1.591768e+01	-5.562956e-01	8.309845e-01
1.591792e+01	-5.591929e-01	8.290376e-01
1.591818e+01	-5.620834e-01	8.270806e-01
1.591842e+01	-5.649670e-01	8.251135e-01
1.591867e+01	-5.678437e-01	8.231364e-01
1.593330e+01	-5.707136e-01	8.211492e-01
1.593377e+01	-5.735764e-01	8.191520e-01
1.593423e+01	-5.764323e-01	8.171449e-01
1.593468e+01	-5.792812e-01	8.151278e-01
1.593510e+01	-5.821230e-01	8.131008e-01
1.593547e+01	-5.849577e-01	8.110638e-01
1.593583e+01	-5.877853e-01	8.090170e-01
1.593614e+01	-5.906057e-01	8.069603e-01
1.593642e+01	-5.934189e-01	8.048938e-01
1.594797e+01	-5.962249e-01	8.028175e-01
1.594833e+01	-5.990236e-01	8.007314e-01
1.594872e+01	-6.018150e-01	7.986355e-01
1.594910e+01	-6.045991e-01	7.965299e-01
1.594947e+01	-6.073758e-01	7.944146e-01
1.594979e+01	-6.101452e-01	7.922896e-01
1.595010e+01	-6.129071e-01	7.901550e-01
1.596310e+01	-6.156615e-01	7.880108e-01
1.596344e+01	-6.184084e-01	7.858569e-01
1.596378e+01	-6.211478e-01	7.836935e-01
1.596414e+01	-6.238796e-01	7.815205e-01
1.596450e+01	-6.266038e-01	7.793380e-01
1.596487e+01	-6.293204e-01	7.771460e-01
1.596522e+01	-6.320293e-01	7.749445e-01
1.596612e+01	-6.347305e-01	7.727336e-01
1.597860e+01	-6.374240e-01	7.705132e-01
1.597892e+01	-6.401097e-01	7.682835e-01
1.597923e+01	-6.427876e-01	7.660444e-01
1.597954e+01	-6.454577e-01	7.637960e-01
1.597985e+01	-6.481199e-01	7.615383e-01
1.598014e+01	-6.507742e-01	7.592713e-01
1.598039e+01	-6.534206e-01	7.569951e-01
1.599347e+01	-6.560590e-01	7.547096e-01
1.599375e+01	-6.586895e-01	7.524149e-01
1.599402e+01	-6.613119e-01	7.501111e-01
1.599429e+01	-6.639262e-01	7.477981e-01
1.599456e+01	-6.665325e-01	7.454760e-01
1.599483e+01	-6.691306e-01	7.431448e-01
1.599511e+01	-6.717206e-01	7.408046e-01
1.599610e+01	-6.743024e-01	7.384553e-01
1.600909e+01	-6.768760e-01	7.360971e-01
1.600941e+01	-6.794413e-01	7.337299e-01
1.600972e+01	-6.819984e-01	7.313537e-01
1.601003e+01	-6.845471e-01	7.289686e-01
1.601036e+01	-6.870875e-01	7.265747e-01
1.601077e+01	-6.896195e-01	7.241719e-01
1.601112e+01	-6.921432e-01	7.217602e-01
1.601213e+01	-6.946584e-01	7.193398e-01
1.602518e+01	-6.971651e-01	7.169106e-01
1.602548e+01	-6.996633e-01	7.144727e-01
1.602579e+01	-7.021531e-01	7.120260e-01
1.602608e+01	-7.046342e-01	7.095707e-01
1.602636e+01	-7.071068e-01	7.071068e-01
1.602663e+01	-7.095707e-01	7.046342e-01
1.602689e+01	-7.120260e-01	7.021531e-01
1.602799e+01	-7.144727e-01	6.996633e-01
1.604067e+01	-7.169106e-01	6.971651e-01
1.604087e+01	-7.193398e-01	6.946584e-01
1.604107e+01	-7.217602e-01	6.921432e-01
1.604127e+01	-7.241719e-01	6.896195e-01
1.604147e+01	-7.265747e-01	6.870875e-01
1.604168e+01	-7.289686e-01	6.845471e-01
1.604197e+01	-7.313537e-01	6.819984e-01
1.605590e+01	-7.337299e-01	6.794413e-01
1.605613e+01	-7.360971e-01	6.768760e-01
1.605636e+01	-7.384553e-01	6.743024e-01
1.605659e+01	-7.408046e-01	6.717206e-01
1.605683e+01	-7.431448e-01	6.691306e-01
1.605705e+01	-7.454760e-01	6.665325e-01
1.605726e+01	-7.477981e-01	6.639262e-01
1.605799e+01	-7.501111e-01	6.613119e-01
1.607202e+01	-7.524149e-01	6.586895e-01
1.607219e+01	-7.547096e-01	6.560590e-01
1.607236e+01	-7.569951e-01	6.534206e-01
1.607253e+01	-7.592713e-01	6.507742e-01
1.607270e+01	-7.615383e-01	6.481199e-01
1.607287e+01	-7.637960e-01	6.454577e-01
1.607305e+01	-7.660444e-01	6.427876e-01
1.607403e+01	-7.682835e-01	6.401097e-01
1.608731e+01	-7.705132e-01	6.374240e-01
1.608747e+01	-7.727336e-01	6.347305e-01
1.608764e+01	-7.749445e-01	6.320293e-01
1.608780e+01	-7.771460e-01	6.293204e-01
1.608796e+01	-7.793380e-01	6.266038e-01
1.608813e+01	-7.815205e-01	6.238796e-01
1.608829e+01	-7.836935e-01	6.211478e-01
1.610227e+01	-7.858569e-01	6.184084e-01
1.610247e+01	-7.880108e-01	6.156615e-01
1.610267e+01	-7.901550e-01	6.129071e-01
1.610286e+01	-7.922896e-01	6.101452e-01
1.610305e+01	-7.944146e-01	6.073758e-01
1.610322e+01	-7.965299e-01	6.045991e-01
1.610338e+01	-7.986355e-01	6.018150e-01
1.610397e+01	-8.007314e-01	5.990236e-01
1.611785e+01	-8.028175e-01	5.962249e-01
1.611810e+01	-8.048938e-01	5.934189e-01
1.611829e+01	-8.069603e-01	5.906057e-01
1.611846e+01	-8.090170e-01	5.877853e-01
1.611863e+01	-8.110638e-01	5.849577e-01
1.611879e+01	-8.131008e-01	5.821230e-01
1.611894e+01	-8.151278e-01	5.792812e-01
1.611995e+01	-8.171449e-01	5.764323e-01
1.613385e+01	-8.191520e-01	5.735764e-01
1.613410e+01	-8.211492e-01	5.707136e-01
1.613433e+01	-8.231364e-01	5.678437e-01
1.613456e+01	-8.251135e-01	5.649670e-01
1.613478e+01	-8.270806e-01	5.620834e-01
1.613502e+01	-8.290376e-01	5.591929e-01
1.613521e+01	-8.309845e-01	5.562956e-01
1.613599e+01	-8.329212e-01	5.533915e-01
1.614924e+01	-8.348479e-01	5.504807e-01
1.614955e+01	-8.367643e-01	5.475632e-01
1.614985e+01	-8.386706e-01	5.446390e-01
1.615016e+01	-8.405666e-01	5.417082e-01
1.615044e+01	-8.424524e-01	5.387708e-01
1.615069e+01	-8.443279e-01	5.358268e-01
1.615095e+01	-8.461932e-01	5.328763e-01
1.615200e+01	-8.480481e-01	5.299193e-01
1.616457e+01	-8.498927e-01	5.269558e-01
1.616502e+01	-8.517269e-01	5.239859e-01
1.616540e+01	-8.535508e-01	5.210096e-01
1.616576e+01	-8.553643e-01	5.180270e-01
1.616621e+01	-8.571673e-01	5.150381e-01
1.616665e+01	-8.589599e-01	5.120429e-01
1.616697e+01	-8.607420e-01	5.090414e-01
1.616803e+01	-8.625137e-01	5.060338e-01
1.618012e+01	-8.642748e-01	5.030199e-01
1.618051e+01	-8.660254e-01	5.000000e-01
1.618093e+01	-8.677655e-01	4.969740e-01
1.618137e+01	-8.694949e-01	4.939419e-01
1.618180e+01	-8.712138e-01	4.909038e-01
1.618221e+01	-8.729221e-01	4.878597e-01
1.618256e+01	-8.746197e-01	4.848096e-01
1.619606e+01	-8.763067e-01	4.817537e-01
1.619641e+01	-8.779830e-01	4.786919e-01
1.619676e+01	-8.796486e-01	4.756242e-01
1.619709e+01	-8.813035e-01	4.725508e-01
1.619741e+01	-8.829476e-01	4.694716e-01
1.619772e+01	-8.845810e-01	4.663866e-01
1.619799e+01	-8.862036e-01	4.632960e-01
1.619827e+01	-8.878154e-01	4.601998e-01
1.621122e+01	-8.894164e-01	4.570979e-01
1.621151e+01	-8.910065e-01	4.539905e-01
1.621180e+01	-8.925858e-01	4.508775e-01
1.621210e+01	-8.941542e-01	4.477591e-01
1.621237e+01	-8.957118e-01	4.446352e-01
1.621264e+01	-8.972584e-01	4.415059e-01
1.621290e+01	-8.987940e-01	4.383711e-01
1.621401e+01	-9.003188e-01	4.352311e-01
1.622711e+01	-9.018325e-01	4.320857e-01
1.622733e+01	-9.033353e-01	4.289351e-01
1.622756e+01	-9.048271e-01	4.257793e-01
1.622779e+01	-9.063078e-01	4.226183e-01
1.622802e+01	-9.077775e-01	4.194521e-01
1.622824e+01	-9.092361e-01	4.162808e-01
1.622845e+01	-9.106837e-01	4.131044e-01
1.624295e+01	-9.121201e-01	4.099230e-01
1.624320e+01	-9.135455e-01	4.067366e-01
1.624345e+01	-9.149597e-01	4.035453e-01
1.624371e+01	-9.163627e-01	4.003490e-01
1.624397e+01	-9.177546e-01	3.971479e-01
1.624424e+01	-9.191353e-01	3.939419e-01
1.624452e+01	-9.205049e-01	3.907311e-01
1.624481e+01	-9.218632e-01	3.875156e-01
1.624601e+01	-9.232102e-01	3.842953e-01
1.625836e+01	-9.245460e-01	3.810704e-01
1.625856e+01	-9.258706e-01	3.778408e-01
1.625876e+01	-9.271839e-01	3.746066e-01
1.625896e+01	-9.284858e-01	3.713678e-01
1.625916e+01	-9.297765e-01	3.681246e-01
1.625936e+01	-9.310558e-01	3.648768e-01
1.625998e+01	-9.323238e-01	3.616246e-01
1.627396e+01	-9.335804e-01	3.583679e-01
1.627417e+01	-9.348257e-01	3.551070e-01
1.627438e+01	-9.360595e-01	3.518416e-01
1.627458e+01	-9.372820e-01	3.485720e-01
1.627480e+01	-9.384930e-01	3.452982e-01
1.627505e+01	-9.396926e-01	3.420201e-01
1.627525e+01	-9.408808e-01	3.387379e-01
1.627597e+01	-9.420575e-01	3.354516e-01
1.628994e+01	-9.432227e-01	3.321611e-01
1.629014e+01	-9.443764e-01	3.288666e-01
1.629038e+01	-9.455186e-01	3.255682e-01
1.629060e+01	-9.466493e-01	3.222657e-01
1.629080e+01	-9.477684e-01	3.189593e-01
1.629103e+01	-9.488760e-01	3.156490e-01
1.629124e+01	-9.499721e-01	3.123349e-01
1.629202e+01	-9.510565e-01	3.090170e-01
1.630546e+01	-9.521294e-01	3.056953e-01
1.630566e+01	-9.531907e-01	3.023699e-01
1.630585e+01	-9.542403e-01	2.990408e-01
1.630606e+01	-9.552784e-01	2.957081e-01
1.630627e+01	-9.563048e-01	2.923717e-01
1.630649e+01	-9.573195e-01	2.890318e-01
1.630670e+01	-9.583226e-01	2.856884e-01
1.632104e+01	-9.593140e-01	2.823415e-01
1.632127e+01	-9.602937e-01	2.789911e-01
1.632151e+01	-9.612617e-01	2.756374e-01
1.632175e+01	-9.622180e-01	2.722802e-01
1.632200e+01	-9.631626e-01	2.689198e-01
1.632223e+01	-9.640954e-01	2.655561e-01
1.632246e+01	-9.650165e-01	2.621892e-01
1.632277e+01	-9.659258e-01	2.588190e-01
1.633617e+01	-9.668234e-01	2.554458e-01
1.633644e+01	-9.677092e-01	2.520694e-01
1.633668e+01	-9.685832e-01	2.486899e-01
1.633692e+01	-9.694453e-01	2.453074e-01
1.633715e+01	-9.702957e-01	2.419219e-01
1.633736e+01	-9.711343e-01	2.385335e-01
1.633755e+01	-9.719610e-01	2.351421e-01
1.633799e+01	-9.727759e-01	2.317479e-01
1.635132e+01	-9.735789e-01	2.283509e-01
1.635160e+01	-9.743701e-01	2.249511e-01
1.635186e+01	-9.751494e-01	2.215485e-01
1.635213e+01	-9.759168e-01	2.181432e-01
1.635235e+01	-9.766723e-01	2.147353e-01
1.635257e+01	-9.774159e-01	2.113248e-01
1.635280e+01	-9.781476e-01	2.079117e-01
1.636664e+01	-9.788674e-01	2.044961e-01
1.636705e+01	-9.795752e-01	2.010779e-01
1.636741e+01	-9.802712e-01	1.976573e-01
1.636773e+01	-9.809552e-01	1.942344e-01
1.636804e+01	-9.816272e-01	1.908090e-01
1.636839e+01	-9.822873e-01	1.873813e-01
1.636868e+01	-9.829353e-01	1.839514e-01
1.636896e+01	-9.835715e-01	1.805191e-01
1.637007e+01	-9.841956e-01	1.770847e-01
1.638182e+01	-9.848078e-01	1.736482e-01
1.638219e+01	-9.854079e-01	1.702095e-01
1.638258e+01	-9.859960e-01	1.667687e-01
1.638299e+01	-9.865722e-01	1.633260e-01
1.638339e+01	-9.871363e-01	1.598812e-01
1.638374e+01	-9.876883e-01	1.564345e-01
1.638414e+01	-9.882284e-01	1.529858e-01
1.639710e+01	-9.887564e-01	1.495353e-01
1.639749e+01	-9.892723e-01	1.460830e-01
1.639791e+01	-9.897762e-01	1.426289e-01
1.639829e+01	-9.902681e-01	1.391731e-01
1.639861e+01	-9.907478e-01	1.357156e-01
1.639894e+01	-9.912155e-01	1.322564e-01
1.639935e+01	-9.916712e-01	1.287956e-01
1.640009e+01	-9.921147e-01	1.253332e-01
1.641295e+01	-9.925462e-01	1.218693e-01
1.641327e+01	-9.929655e-01	1.184040e-01
1.641361e+01	-9.933728e-01	1.149372e-01
1.641395e+01	-9.937679e-01	1.114689e-01
1.641431e+01	-9.941510e-01	1.079994e-01
1.641470e+01	-9.945219e-01	1.045285e-01
1.641508e+01	-9.948807e-01	1.010563e-01
1.641620e+01	-9.952274e-01	9.758290e-02
1.642894e+01	-9.955620e-01	9.410831e-02
1.642933e+01	-9.958844e-01	9.063258e-02
1.642973e+01	-9.961947e-01	8.715574e-02
1.643014e+01	-9.964929e-01	8.367784e-02
1.643049e+01	-9.967789e-01	8.019892e-02
1.643082e+01	-9.970528e-01	7.671903e-02
1.643115e+01	-9.973145e-01	7.323820e-02
1.643207e+01	-9.975641e-01	6.975647e-02
1.644500e+01	-9.978015e-01	6.627390e-02
1.644541e+01	-9.980267e-01	6.279052e-02
1.644573e+01	-9.982398e-01	5.930637e-02
1.644603e+01	-9.984408e-01	5.582150e-02
1.644632e+01	-9.986295e-01	5.233596e-02
1.644662e+01	-9.988061e-01	4.884977e-02
1.644691e+01	-9.989706e-01	4.536299e-02
1.644802e+01	-9.991228e-01	4.187565e-02
1.646029e+01	-9.992629e-01	3.838781e-02
1.646054e+01	-9.993908e-01	3.489950e-02
1.646081e+01	-9.995066e-01	3.141076e-02
1.646107e+01	-9.996101e-01	2.792164e-02
1.646132e+01	-9.997015e-01	2.443218e-02
1.646157e+01	-9.997807e-01	2.094242e-02
1.646206e+01	-9.998477e-01	1.745241e-02
1.647616e+01	-9.999025e-01	1.396218e-02
1.647641e+01	-9.999452e-01	1.047178e-02
1.647668e+01	-9.999756e-01	6.981260e-03
1.647695e+01	-9.999939e-01	3.490651e-03
1.647723e+01	-1.000000e+00	8.601421e-13
1.647748e+01	-9.999939e-01	-3.490651e-03
1.647772e+01	-9.999756e-01	-6.981260e-03
1.647802e+01	-9.999452e-01	-1.047178e-02
1.649215e+01	-9.999025e-01	-1.396218e-02
1.649238e+01	-9.998477e-01	-1.745241e-02
1.649262e+01	-9.997807e-01	-2.094242e-02
1.649286e+01	-9.997015e-01	-2.443218e-02
1.649310e+01	-9.996101e-01	-2.792164e-02
1.649331e+01	-9.995066e-01	-3.141076e-02
1.649352e+01	-9.993908e-01	-3.489950e-02
1.649405e+01	-9.992629e-01	-3.838781e-02
1.650784e+01	-9.991228e-01	-4.187565e-02
1.650813e+01	-9.989706e-01	-4.536299e-02
1.650842e+01	-9.988061e-01	-4.884977e-02
1.650873e+01	-9.986295e-01	-5.233596e-02
1.650902e+01	-9.984408e-01	-5.582150e-02
1.650929e+01	-9.982398e-01	-5.930637e-02
1.650954e+01	-9.980267e-01	-6.279052e-02
1.651009e+01	-9.978015e-01	-6.627390e-02
1.652314e+01	-9.975641e-01	-6.975647e-02
1.652336e+01	-9.973145e-01	-7.323820e-02
1.652358e+01	-9.970528e-01	-7.671903e-02
1.652381e+01	-9.967789e-01	-8.019892e-02
1.652412e+01	-9.964929e-01	-8.367784e-02
1.652435e+01	-9.961947e-01	-8.715574e-02
1.652457e+01	-9.958844e-01	-9.063258e-02
1.653840e+01	-9.955620e-01	-9.410831e-02
1.653857e+01	-9.952274e-01	-9.758290e-02
1.653873e+01	-9.948807e-01	-1.010563e-01
1.653890e+01	-9.945219e-01	-1.045285e-01
1.653908e+01	-9.941510e-01	-1.079994e-01
1.653925e+01	-9.937679e-01	-1.114689e-01
1.653943e+01	-9.933728e-01	-1.149372e-01
1.653998e+01	-9.929655e-01	-1.184040e-01
1.655405e+01	-9.925462e-01	-1.218693e-01
1.655422e+01	-9.921147e-01	-1.253332e-01
1.655439e+01	-9.916712e-01	-1.287956e-01
1.655457e+01	-9.912155e-01	-1.322564e-01
1.655475e+01	-9.907478e-01	-1.357156e-01
1.655493e+01	-9.902681e-01	-1.391731e-01
1.655511e+01	-9.897762e-01	-1.426289e-01
1.655604e+01	-9.892723e-01	-1.460830e-01
1.657008e+01	-9.887564e-01	-1.495353e-01
1.657026e+01	-9.882284e-01	-1.529858e-01
1.657042e+01	-9.876883e-01	-1.564345e-01
1.657058e+01	-9.871363e-01	-1.598812e-01
1.657073e+01	-9.865722e-01	-1.633260e-01
1.657089e+01	-9.859960e-01	-1.667687e-01
1.657104e+01	-9.854079e-01	-1.702095e-01
1.657193e+01	-9.848078e-01	-1.736482e-01
1.658555e+01	-9.841956e-01	-1.770847e-01
1.658568e+01	-9.835715e-01	-1.805191e-01
1.658580e+01	-9.829353e-01	-1.839514e-01
1.658592e+01	-9.822873e-01	-1.873813e-01
1.658605e+01	-9.816272e-01	-1.908090e-01
1.658617e+01	-9.809552e-01	-1.942344e-01
1.658629e+01	-9.802712e-01	-1.976573e-01
1.660135e+01	-9.795752e-01	-2.010779e-01
1.660151e+01	-9.788674e-01	-2.044961e-01
1.660165e+01	-9.781476e-01	-2.079117e-01
1.660179e+01	-9.774159e-01	-2.113248e-01
1.660193e+01	-9.766723e-01	-2.147353e-01
1.660207e+01	-9.759168e-01	-2.181432e-01
1.660221e+01	-9.751494e-01	-2.215485e-01
1.660234e+01	-9.743701e-01	-2.249511e-01
1.661741e+01	-9.735789e-01	-2.283509e-01
1.661768e+01	-9.727759e-01	-2.317479e-01
1.661794e+01	-9.719610e-01	-2.351421e-01
1.661819e+01	-9.711343e-01	-2.385335e-01
1.661842e+01	-9.702957e-01	-2.419219e-01
1.661864e+01	-9.694453e-01	-2.453074e-01
1.661886e+01	-9.685832e-01	-2.486899e-01
1.661908e+01	-9.677092e-01	-2.520694e-01
1.661997e+01	-9.668234e-01	-2.554458e-01
1.663296e+01	-9.659258e-01	-2.588190e-01
1.663355e+01	-9.650165e-01	-2.621892e-01
1.663414e+01	-9.640954e-01	-2.655561e-01
1.663464e+01	-9.631626e-01	-2.689198e-01
1.663512e+01	-9.622180e-01	-2.722802e-01
1.663552e+01	-9.612617e-01	-2.756374e-01
1.663589e+01	-9.602937e-01	-2.789911e-01
1.663627e+01	-9.593140e-01	-2.823415e-01
1.664843e+01	-9.583226e-01	-2.856884e-01
1.664880e+01	-9.573195e-01	-2.890318e-01
1.664917e+01	-9.563048e-01	-2.923717e-01
1.664966e+01	-9.552784e-01	-2.957081e-01
1.665001e+01	-9.542403e-01	-2.990408e-01
1.665030e+01	-9.531907e-01	-3.023699e-01
1.665057e+01	-9.521294e-01	-3.056953e-01
1.666359e+01	-9.510565e-01	-3.090170e-01
1.666390e+01	-9.499721e-01	-3.123349e-01
1.666420e+01	-9.488760e-01	-3.156490e-01
1.666449e+01	-9.477684e-01	-3.189593e-01
1.666483e+01	-9.466493e-01	-3.222657e-01
1.666508e+01	-9.455186e-01	-3.255682e-01
1.666534e+01	-9.443764e-01	-3.288666e-01
1.666610e+01	-9.432227e-01	-3.321611e-01
1.667900e+01	-9.420575e-01	-3.354516e-01
1.667924e+01	-9.408808e-01	-3.387379e-01
1.667949e+01	-9.396926e-01	-3.420201e-01
1.667976e+01	-9.384930e-01	-3.452982e-01
1.668000e+01	-9.372820e-01	-3.485720e-01
1.668023e+01	-9.360595e-01	-3.518416e-01
1.668046e+01	-9.348257e-01	-3.551070e-01
1.669486e+01	-9.335804e-01	-3.583679e-01
1.669508e+01	-9.323238e-01	-3.616246e-01
1.669531e+01	-9.310558e-01	-3.648768e-01
1.669555e+01	-9.297765e-01	-3.681246e-01
1.669580e+01	-9.284858e-01	-3.713678e-01
1.669604e+01	-9.271839e-01	-3.746066e-01
1.669626e+01	-9.258706e-01	-3.778408e-01
1.669647e+01	-9.245460e-01	-3.810704e-01
1.671048e+01	-9.232102e-01	-3.842953e-01
1.671074e+01	-9.218632e-01	-3.875156e-01
1.671099e+01	-9.205049e-01	-3.907311e-01
1.671127e+01	-9.191353e-01	-3.939419e-01
1.671153e+01	-9.177546e-01	-3.971479e-01
1.671179e+01	-9.163627e-01	-4.003490e-01
1.671204e+01	-9.149597e-01	-4.035453e-01
1.671225e+01	-9.135455e-01	-4.067366e-01
1.672635e+01	-9.121201e-01	-4.099230e-01
1.672660e+01	-9.106837e-01	-4.131044e-01
1.672686e+01	-9.092361e-01	-4.162808e-01
1.672711e+01	-9.077775e-01	-4.194521e-01
1.672736e+01	-9.063078e-01	-4.226183e-01
1.672760e+01	-9.048271e-01	-4.257793e-01
1.672784e+01	-9.033353e-01	-4.289351e-01
1.672805e+01	-9.018325e-01	-4.320857e-01
1.674190e+01	-9.003188e-01	-4.352311e-01
1.674209e+01	-8.987940e-01	-4.383711e-01
1.674226e+01	-8.972584e-01	-4.415059e-01
1.674245e+01	-8.957118e-01	-4.446352e-01
1.674263e+01	-8.941542e-01	-4.477591e-01
1.674282e+01	-8.925858e-01	-4.508775e-01
1.674300e+01	-8.910065e-01	-4.539905e-01
1.674402e+01	-8.894164e-01	-4.570979e-01
1.675739e+01	-8.878154e-01	-4.601998e-01
1.675763e+01	-8.862036e-01	-4.632960e-01
1.675788e+01	-8.845810e-01	-4.663866e-01
1.675813e+01	-8.829476e-01	-4.694716e-01
1.675837e+01	-8.813035e-01	-4.725508e-01
1.675859e+01	-8.796486e-01	-4.756242e-01
1.675882e+01	-8.779830e-01	-4.786919e-01
1.675999e+01	-8.763067e-01	-4.817537e-01
1.677335e+01	-8.746197e-01	-4.848096e-01
1.677354e+01	-8.729221e-01	-4.878597e-01
1.677375e+01	-8.712138e-01	-4.909038e-01
1.677394e+01	-8.694949e-01	-4.939419e-01
1.677414e+01	-8.677655e-01	-4.969740e-01
1.677434e+01	-8.660254e-01	-5.000000e-01
1.677453e+01	-8.642748e-01	-5.030199e-01
1.678911e+01	-8.625137e-01	-5.060338e-01
1.678933e+01	-8.607420e-01	-5.090414e-01
1.678955e+01	-8.589599e-01	-5.120429e-01
1.678984e+01	-8.571673e-01	-5.150381e-01
1.679009e+01	-8.553643e-01	-5.180270e-01
1.679032e+01	-8.535508e-01	-5.210096e-01
1.679057e+01	-8.517269e-01	-5.239859e-01
1.679084e+01	-8.498927e-01	-5.269558e-01
1.679199e+01	-8.480481e-01	-5.299193e-01
1.680461e+01	-8.461932e-01	-5.328763e-01
1.680475e+01	-8.443279e-01	-5.358268e-01
1.680491e+01	-8.424524e-01	-5.387708e-01
1.680506e+01	-8.405666e-01	-5.417082e-01
1.680522e+01	-8.386706e-01	-5.446390e-01
1.680538e+01	-8.367643e-01	-5.475632e-01
1.680597e+01	-8.348479e-01	-5.504807e-01
1.681973e+01	-8.329212e-01	-5.533915e-01
1.681987e+01	-8.309845e-01	-5.562956e-01
1.682000e+01	-8.290376e-01	-5.591929e-01
1.682012e+01	-8.270806e-01	-5.620834e-01
1.682024e+01	-8.251135e-01	-5.649670e-01
1.682037e+01	-8.231364e-01	-5.678437e-01
1.682050e+01	-8.211492e-01	-5.707136e-01
1.683538e+01	-8.191520e-01	-5.735764e-01
1.683563e+01	-8.171449e-01	-5.764323e-01
1.683587e+01	-8.151278e-01	-5.792812e-01
1.683607e+01	-8.131008e-01	-5.821230e-01
1.683627e+01	-8.110638e-01	-5.849577e-01
1.683647e+01	-8.090170e-01	-5.877853e-01
1.683666e+01	-8.069603e-01	-5.906057e-01
1.683684e+01	-8.048938e-01	-5.934189e-01
1.683794e+01	-8.028175e-01	-5.962249e-01
1.685020e+01	-8.007314e-01	-5.990236e-01
1.685044e+01	-7.986355e-01	-6.018150e-01
1.685067e+01	-7.965299e-01	-6.045991e-01
1.685090e+01	-7.944146e-01	-6.073758e-01
1.685151e+01	-7.922896e-01	-6.101452e-01
1.685171e+01	-7.901550e-01	-6.129071e-01
1.685198e+01	-7.880108e-01	-6.156615e-01
1.686630e+01	-7.858569e-01	-6.184084e-01
1.686643e+01	-7.836935e-01	-6.211478e-01
1.686671e+01	-7.815205e-01	-6.238796e-01
1.686688e+01	-7.793380e-01	-6.266038e-01
1.686703e+01	-7.771460e-01	-6.293204e-01
1.686716e+01	-7.749445e-01	-6.320293e-01
1.686732e+01	-7.727336e-01	-6.347305e-01
1.686814e+01	-7.705132e-01	-6.374240e-01
1.688166e+01	-7.682835e-01	-6.401097e-01
1.688180e+01	-7.660444e-01	-6.427876e-01
1.688193e+01	-7.637960e-01	-6.454577e-01
